id	rank	name	childcount	min	max	mode	median	mean	stddev	sum16slist
14990	genus	Fermentimonas	1	2	2			2.00	0.00	[2]
14991	genus	Aphanizomenon	1	5	5			5.00	0.00	[5]
14992	genus	Natronococcus	1	4	4			4.00	0.00	[4]
14993	genus	Gluconobacter	2	4	5			4.70	0.30	[4, 5, 4, 5, 4, 5]
14994	genus	Rhodopseudomonas	1	1	2			1.89	0.00	[1, 2, 2, 2, 2, 2, 2, 2, 2]
14995	genus	Microterricola	1	3	3			3.00	0.00	[3]
14996	genus	Thermobaculum	1	2	2			2.00	0.00	[2]
14997	genus	Saccharopolyspora	1	4	4			4.00	0.00	[4]
14998	genus	Salinimonas	2	4	5			4.50	0.50	[5, 4]
14999	genus	Candidatus Bipolaricaulis	1	1	1			1.00	0.00	[1]
15000	genus	Methylobacterium	14	4	11			6.14	2.42	[11, 5, 7, 4, 4, 6, 4, 6, 4, 9, 5, 11, 6, 4]
15001	genus	Maricaulis	1	2	2			2.00	0.00	[2]
15002	genus	Frankia	6	2	3			2.33	0.47	[3, 2, 2, 2, 2, 3]
15003	genus	Candidatus Kinetoplastibacterium	6	3	3			3.00	0.00	[3, 3, 3, 3, 3, 3, 3, 3]
15004	genus	Parvibaculum	1	1	1			1.00	0.00	[1]
15005	genus	Olsenella	3	1	2			1.67	0.47	[1, 2, 2]
15006	genus	Ureaplasma	2	2	2			2.00	0.00	[2, 2, 2, 2, 2, 2, 2, 2]
15007	genus	Acidobacterium	1	1	1			1.00	0.00	[1]
15008	genus	Humibacter	1	2	2			2.00	0.00	[2]
15009	genus	Croceibacter	1	2	2			2.00	0.00	[2]
15010	genus	Kosakonia	4	5	7			6.50	0.87	[5, 7, 7, 7, 7, 7]
15011	genus	Candidatus Midichloria	1	1	1			1.00	0.00	[1]
15012	genus	Methylibium	1	1	1			1.00	0.00	[1]
15013	genus	Orientia	1	1	1			1.00	0.00	[1, 1, 1, 1, 1, 1, 1, 1]
15014	genus	Paucibacter	1	6	6			6.00	0.00	[6]
15015	genus	Lentzea	1	5	5			5.00	0.00	[5]
15016	genus	Archangium	1	3	3			3.00	0.00	[3]
15017	genus	Pragia	1	7	7			7.00	0.00	[7]
15018	genus	Rivularia	1	3	3			3.00	0.00	[3]
15019	genus	Kurthia	1	9	9			9.00	0.00	[9]
15020	genus	Coraliomargarita	1	2	2			2.00	0.00	[2]
15021	genus	Ichthyobacterium	1	1	1			1.00	0.00	[1]
15022	genus	Desulfobulbus	1	2	2			2.00	0.00	[2]
15023	genus	Brochothrix	1	9	9			9.00	0.00	[9, 9]
15024	genus	Hoyosella	1	3	3			3.00	0.00	[3]
15025	genus	Brachybacterium	6	3	3			3.00	0.00	[3, 3, 3, 3, 3, 3]
15026	genus	Spirosoma	5	1	3			2.60	0.80	[1, 3, 3, 3, 3]
15027	genus	Beijerinckia	1	3	3			3.00	0.00	[3]
15028	genus	Methylobacillus	1	2	2			2.00	0.00	[2]
15029	genus	Acidithiobacillus	3	2	4			2.17	0.24	[2, 2, 2, 2, 4, 2, 2]
15030	genus	Thermomicrobium	1	2	2			2.00	0.00	[2]
15031	genus	Halorhodospira	2	2	2			2.00	0.00	[2, 2]
15032	genus	Turicibacter	1	12	12			12.00	0.00	[12]
15033	genus	Arsenophonus	1	1	1			1.00	0.00	[1]
15034	genus	Aquaspirillum	1	5	5			5.00	0.00	[5]
15035	genus	Oligella	1	3	3			3.00	0.00	[3]
15036	genus	Leisingera	1	5	5			5.00	0.00	[5]
15037	genus	Defluviitoga	1	3	3			3.00	0.00	[3]
15038	genus	Candidatus Pelagibacter	2	1	1			1.00	0.00	[1, 1]
15039	genus	Rubrobacter	2	1	1			1.00	0.00	[1, 1]
15040	genus	Proteiniphilum	1	2	2			2.00	0.00	[2]
15041	genus	Saccharospirillum	1	4	4			4.00	0.00	[4]
15042	genus	Candidatus Arthromitus	3	5	6			5.17	0.24	[6, 5, 5, 5]
15043	genus	Salimicrobium	1	7	7			7.00	0.00	[7]
15044	genus	Methanocella	2	2	3			2.50	0.50	[3, 2]
15045	genus	Cutibacterium	3	2	6			2.70	0.50	[2, 3, 3, 3, 3, 3, 3, 2, 3, 3, 3, 3, 3, 3, 6, 3, 3, 3, 3, 3, 3]
15046	genus	Halioglobus	2	2	2			2.00	0.00	[2, 2]
15047	genus	Haloplanus	2	2	2			2.00	0.00	[2, 2]
15048	genus	Helicobacter	12	1	3			1.99	0.41	[2, 2, 2, 1, 2, 2, 2, 2, 2, 2, 2, 2, 2, 2, 2, 2, 2, 2, 2, 2, 2, 2, 2, 2, 2, 2, 2, 2, 1, 2, 2, 2, 2, 2, 2, 2, 2, 2, 1, 1, 2, 2, 2, 2, 2, 2, 2, 2, 2, 2, 2, 2, 2, 2, 2, 2, 2, 2, 2, 2, 2, 2, 2, 2, 2, 2, 2, 2, 2, 2, 2, 2, 2, 2, 2, 2, 2, 2, 2, 2, 2, 1, 2, 2, 2, 2, 2, 2, 2, 2, 2, 1, 1, 1, 1, 1, 1, 2, 2, 2, 2, 2, 2, 2, 2, 2, 2, 2, 2, 2, 2, 2, 2, 2, 2, 2, 2, 2, 2, 2, 2, 2, 2, 2, 2, 2, 2, 2, 2, 2, 2, 2, 2, 2, 2, 2, 2, 2, 2, 2, 3, 2, 2, 2]
15049	genus	Roseiflexus	2	2	2			2.00	0.00	[2, 2]
15050	genus	Roseovarius	2	2	2			2.00	0.00	[2, 2]
15051	genus	Cytophaga	1	3	3			3.00	0.00	[3]
15052	genus	Ornithobacterium	1	3	3			3.00	0.00	[3, 3]
15053	genus	Methanotorris	1	2	2			2.00	0.00	[2]
15054	genus	Flammeovirga	1	8	8			8.00	0.00	[8]
15055	genus	Dokdonella	1	2	2			2.00	0.00	[2]
15056	genus	Granulosicoccus	1	3	3			3.00	0.00	[3]
15057	genus	Cloacibacillus	1	5	5			5.00	0.00	[5]
15058	genus	Actinobacillus	5	6	6			6.00	0.00	[6, 6, 6, 6, 6, 6, 6, 6, 6, 6, 6, 6, 6]
15059	genus	Frateuria	1	4	4			4.00	0.00	[4]
15060	genus	Laribacter	1	7	7			7.00	0.00	[7, 7]
15061	genus	Niveispirillum	1	4	4			4.00	0.00	[4]
15062	genus	Parabacteroides	2	7	7			7.00	0.00	[7, 7, 7]
15063	genus	Blastopirellula	1	2	2			2.00	0.00	[2]
15064	genus	Ignicoccus	2	1	1			1.00	0.00	[1, 1]
15065	genus	Alteromonas	10	5	7			5.20	0.60	[5, 5, 5, 7, 5, 5, 5, 5, 5, 5, 5, 5, 5, 5, 5, 5, 5, 5, 5, 5, 5, 5, 5, 5, 5, 5, 5, 5, 5, 5, 5]
15066	genus	Oceanisphaera	2	8	8			8.00	0.00	[8, 8]
15067	genus	Simplicispira	1	3	3			3.00	0.00	[3]
15068	genus	Symbiobacterium	1	6	6			6.00	0.00	[6]
15069	genus	Syntrophobotulus	1	4	4			4.00	0.00	[4]
15070	genus	Alloactinosynnema	1	3	3			3.00	0.00	[3]
15071	genus	Finegoldia	1	4	4			4.00	0.00	[4]
15072	genus	Methylovorus	2	2	2			2.00	0.00	[2, 2]
15073	genus	Proteus	2	6	7			6.98	0.02	[7, 6, 7, 7, 7, 7, 7, 7, 7, 7, 7, 7, 7, 7, 7, 7, 7, 7, 7, 7]
15074	genus	Nautilia	1	4	4			4.00	0.00	[4]
15075	genus	Acidiphilium	2	2	2			2.00	0.00	[2, 2]
15076	genus	Rhodoferax	4	2	3			2.50	0.50	[2, 2, 3, 3]
15077	genus	Eikenella	1	4	4			4.00	0.00	[4]
15078	genus	Chitinophaga	2	4	6			5.00	1.00	[4, 6]
15079	genus	Isoptericola	2	3	4			3.50	0.50	[3, 4]
15080	genus	Filomicrobium	1	1	1			1.00	0.00	[1, 1]
15081	genus	Cellvibrio	3	2	5			3.33	1.25	[5, 3, 2]
15082	genus	Stigmatella	1	2	2			2.00	0.00	[2]
15083	genus	Trichodesmium	1	2	2			2.00	0.00	[2]
15084	genus	Agrobacterium	6	3	5			4.00	0.58	[3, 4, 4, 3, 5, 4, 4, 4, 4, 5]
15085	genus	Elusimicrobium	1	1	1			1.00	0.00	[1]
15086	genus	Luteipulveratus	1	2	2			2.00	0.00	[2]
15087	genus	Nitrosococcus	3	2	2			2.00	0.00	[2, 2, 2]
15088	genus	Minicystis	1	4	4			4.00	0.00	[4]
15089	genus	Candidatus Atelocyanobacterium	1	2	2			2.00	0.00	[2]
15090	genus	Thermosulfidibacter	1	1	1			1.00	0.00	[1]
15091	genus	Salinisphaera	1	2	2			2.00	0.00	[2]
15092	genus	Mesotoga	1	2	2			2.00	0.00	[2]
15093	genus	Nitrosomonas	6	1	1			1.00	0.00	[1, 1, 1, 1, 1, 1]
15094	genus	Lonsdalea	1	7	7			7.00	0.00	[7]
15095	genus	Owenweeksia	1	2	2			2.00	0.00	[2]
15096	genus	Pannonibacter	1	3	3			3.00	0.00	[3]
15097	genus	Rhodococcus	25	3	6			4.23	0.55	[4, 5, 4, 4, 6, 4, 3, 4, 5, 5, 4, 5, 4, 5, 5, 4, 4, 4, 5, 4, 4, 4, 4, 4, 4, 4, 5, 4, 4, 4, 4, 4, 4, 4, 5, 4, 4]
15098	genus	Wenzhouxiangella	1	1	1			1.00	0.00	[1]
15099	genus	Bacteroides	14	4	7			5.10	1.03	[5, 5, 5, 7, 5, 4, 4, 6, 4, 6, 6, 6, 6, 6, 6, 6, 6, 5, 5, 5, 4, 4, 7, 5]
15100	genus	Treponema	12	2	4			2.42	0.76	[2, 2, 2, 2, 2, 2, 2, 2, 4, 2, 4, 2, 3]
15101	genus	Barnesiella	1	5	5			5.00	0.00	[5]
15102	genus	Salmonella	2	5	8			6.99	0.01	[7, 7, 7, 7, 7, 7, 7, 7, 7, 7, 7, 7, 7, 7, 7, 7, 7, 7, 7, 7, 7, 7, 7, 7, 7, 6, 7, 7, 7, 7, 7, 7, 7, 7, 7, 7, 7, 7, 7, 7, 7, 7, 7, 7, 7, 7, 7, 7, 8, 8, 7, 7, 7, 7, 7, 7, 7, 7, 7, 7, 7, 7, 7, 7, 7, 7, 7, 7, 7, 7, 7, 7, 7, 7, 7, 7, 7, 7, 7, 7, 7, 7, 7, 7, 7, 7, 7, 7, 7, 7, 7, 7, 7, 7, 7, 7, 7, 7, 7, 7, 7, 7, 7, 7, 7, 7, 7, 7, 7, 7, 7, 7, 7, 7, 7, 7, 7, 7, 7, 7, 7, 7, 7, 6, 7, 7, 5, 7, 7, 7, 7, 7, 7, 7, 7, 6, 7, 7, 7, 7, 7, 7, 7, 7, 7, 7, 7, 7, 7, 7, 7, 7, 7, 7, 7, 7, 7, 6, 7, 7, 7, 6, 7, 7, 7, 7, 7, 7, 6, 7, 7, 7, 7, 7, 7, 7, 5, 7, 7, 7, 7, 7, 7, 7, 7, 7, 7, 7, 7, 7, 7, 6, 7, 7, 7, 7, 7, 7, 7, 7, 6, 8, 7, 7, 7, 7, 7, 7, 7, 7, 7, 7, 7, 7, 7, 7, 6, 7, 7, 8, 7, 7, 7, 7, 7, 7, 7, 7, 7, 7, 7, 7, 7, 7, 7, 7, 7, 7, 7, 7, 7, 7, 7, 7, 7, 7, 7, 7, 7, 7, 7, 7, 7, 7, 7, 7, 7, 7, 7, 7, 7, 7, 7, 7, 7, 7, 7, 7, 7, 7, 7, 7, 7, 7, 7, 7, 7, 7, 7, 7, 7, 7, 7, 7, 7, 7, 7, 7, 7, 7, 7, 7, 7, 7, 7, 7, 7, 7, 7, 7, 7, 7, 7, 7, 7, 7, 7, 7, 7, 7, 7, 7, 7, 7, 7, 7, 7, 7, 7, 7, 7, 7, 7, 7, 7, 7, 7, 7, 7, 7, 7, 7, 7, 7, 7, 7, 7, 7, 7, 7, 7, 7, 7, 7, 7, 7, 7, 7, 7, 7, 7, 7, 7, 7, 7, 7, 7, 6, 7, 7, 7, 7, 7, 7, 7, 7, 7, 7, 7, 7, 7, 7, 7, 7, 7, 7, 7, 7, 7, 7, 7, 7, 7, 7, 7, 7, 7, 7, 7, 7, 7, 7, 7, 7, 7, 7, 7, 7, 7, 7, 7, 7, 7, 7, 7, 7, 7, 7, 7, 7, 7, 7, 7, 7, 7, 7, 7, 7, 7, 7, 7, 7, 7, 7, 7, 7, 7, 7, 7, 7, 7, 7, 7, 7, 7, 7, 7, 7, 7, 7, 7, 7, 7, 7, 7, 7, 7, 7, 7, 7, 7, 7, 7, 7, 7, 7, 7]
15103	genus	Chroococcidiopsis	1	3	3			3.00	0.00	[3]
15104	genus	Eggerthella	2	2	3			2.50	0.50	[3, 3, 2]
15105	genus	Kocuria	4	3	3			3.00	0.00	[3, 3, 3, 3, 3]
15106	genus	Candidatus Phycorickettsia	1	1	1			1.00	0.00	[1]
15107	genus	Candidatus Nasuia	1	1	1			1.00	0.00	[1, 1, 1]
15108	genus	Gottschalkia	1	6	6			6.00	0.00	[6]
15109	genus	Desulfohalobium	1	2	2			2.00	0.00	[2]
15110	genus	Reinekea	1	5	5			5.00	0.00	[5]
15111	genus	Streptococcus	47	1	9			4.84	1.30	[4, 6, 5, 6, 4, 4, 4, 6, 9, 4, 6, 7, 7, 7, 7, 7, 7, 7, 7, 7, 7, 7, 7, 7, 7, 7, 7, 6, 7, 7, 8, 5, 5, 6, 7, 7, 7, 7, 7, 7, 7, 7, 7, 7, 7, 7, 7, 7, 7, 6, 7, 7, 7, 7, 7, 6, 7, 7, 7, 7, 7, 6, 7, 7, 7, 7, 6, 4, 4, 4, 6, 4, 2, 5, 4, 4, 4, 4, 6, 6, 6, 6, 6, 8, 6, 6, 6, 6, 6, 6, 6, 6, 6, 6, 4, 4, 4, 4, 4, 4, 4, 4, 4, 4, 4, 4, 4, 4, 4, 4, 4, 4, 4, 4, 4, 4, 4, 4, 4, 4, 4, 4, 4, 4, 4, 4, 4, 4, 4, 4, 4, 4, 4, 2, 1, 5, 6, 5, 4, 4, 4, 6, 5, 6, 6, 7, 5, 6, 6, 6, 5, 5, 5, 5, 6, 6, 6, 6, 6, 4, 4, 4, 4, 4, 4, 5, 4, 4, 4, 4, 4, 4, 4, 4, 4, 4, 4, 4, 4, 4, 4, 4, 4, 4, 4, 4, 4, 4, 4, 4, 4, 4, 4, 1, 4, 4, 4, 4, 4, 4, 4, 4, 4, 4, 4, 4, 4, 4, 4, 4, 4, 4, 4, 5, 4, 4, 4, 4, 6, 6, 6, 6, 5, 6, 6, 6, 6, 6, 6, 6, 6, 5, 5, 6, 5, 6, 5, 6, 5, 6, 6, 6, 5, 6, 6, 6, 6, 6, 6, 5, 6, 6, 6, 6, 6, 6, 6, 6, 6, 6, 5, 5, 5, 5, 6, 6, 6, 6, 6, 5, 6, 5, 5, 6, 6, 6, 6, 6, 6, 6, 6, 6, 6, 6, 6, 6, 6, 5, 6, 6, 6, 6, 6, 6, 6, 6, 6, 6, 7, 6, 6, 6, 6, 5, 6, 6, 6, 6, 6, 6, 6, 6, 6, 6, 6, 6, 6, 6, 5, 6, 6, 6, 6, 6, 6, 6, 6, 6, 6, 6, 4, 4, 4, 4, 5, 5, 5, 5, 5, 5, 5, 5, 6, 6, 5, 5, 6, 6, 5, 6, 7, 7, 5, 4, 2, 6, 6, 6, 6, 5, 6, 5, 5, 6, 5, 6, 6, 6, 5, 6, 5, 6, 6, 6, 5, 6, 6, 6, 5, 5, 6, 4, 4, 7, 5, 6, 5, 5, 4, 4, 3, 4, 4, 4, 5, 4, 4, 4, 4, 4, 4, 4, 5, 5, 5, 5, 6, 5, 6, 6, 6]
15112	genus	Candidatus Promineofilum	1	1	1			1.00	0.00	[1]
15113	genus	Stenoxybacter	1	4	4			4.00	0.00	[4]
15114	genus	Glutamicibacter	1	6	6			6.00	0.00	[6, 6]
15115	genus	Thiomonas	1	1	1			1.00	0.00	[1, 1]
15116	genus	Zobellia	1	2	2			2.00	0.00	[2]
15117	genus	Xanthomonas	15	1	2			2.00	0.01	[2, 2, 2, 2, 2, 2, 2, 2, 2, 2, 2, 2, 2, 2, 2, 2, 2, 2, 2, 2, 2, 2, 2, 2, 2, 2, 2, 2, 2, 2, 2, 2, 2, 2, 2, 2, 2, 2, 2, 2, 2, 2, 2, 2, 2, 2, 2, 2, 2, 2, 2, 2, 2, 2, 2, 1, 2, 2, 2, 2, 2, 1, 2, 2, 2, 2, 2, 2, 2, 2, 2, 2, 2, 2, 2, 2, 2, 2, 2, 2, 2, 2, 2, 2, 2, 2, 2, 2, 2, 2, 2, 2, 2, 2, 2, 2, 2, 2, 2, 2, 2, 2, 2, 2, 2, 2, 2, 2, 2, 2, 2, 2, 2, 2, 2, 2, 2, 2, 2, 2, 2, 2, 2, 2, 2, 2, 2, 2, 2, 2, 2, 2, 2, 2, 2, 2, 2, 2, 2, 2, 2, 2, 2, 2]
15118	genus	Taylorella	2	3	3			3.00	0.00	[3, 3, 3, 3, 3, 3, 3, 3]
15119	genus	Thalassospira	3	4	6			4.67	0.94	[6, 4, 4]
15120	genus	Leifsonia	1	1	1			1.00	0.00	[1, 1, 1]
15121	genus	Cnuibacter	1	2	2			2.00	0.00	[2]
15122	genus	Methanomethylovorans	1	2	2			2.00	0.00	[2]
15123	genus	Methanothermococcus	1	2	2			2.00	0.00	[2]
15124	genus	Sulfuriferula	1	3	3			3.00	0.00	[3]
15125	genus	Thermus	7	1	2			1.86	0.35	[2, 2, 2, 2, 2, 2, 2, 1, 2, 2, 2]
15126	genus	Devriesea	1	2	2			2.00	0.00	[2]
15127	genus	Chryseobacterium	9	2	7			5.22	1.40	[5, 5, 2, 6, 6, 4, 6, 6, 6, 6, 7]
15128	genus	Mesoplasma	7	2	3			2.14	0.35	[2, 2, 2, 2, 2, 2, 2, 2, 2, 2, 3, 3, 2, 2, 2, 2, 2]
15129	genus	Dermatophilus	1	3	3			3.00	0.00	[3]
15130	genus	Trichormus	2	4	4			4.00	0.00	[4, 4]
15131	genus	Enterococcus	13	4	7			5.46	0.84	[6, 6, 6, 6, 6, 6, 6, 6, 6, 6, 6, 6, 6, 6, 6, 6, 6, 6, 6, 6, 6, 6, 6, 6, 6, 6, 6, 6, 6, 7, 6, 6, 6, 6, 6, 6, 6, 6, 6, 6, 6, 6, 6, 6, 6, 6, 6, 6, 6, 6, 6, 6, 6, 6, 4, 4, 4, 4, 4, 4, 4, 4, 4, 4, 4, 4, 4, 4, 4, 4, 4, 4, 4, 6, 6, 6, 6, 6, 6, 5, 4, 5, 6, 6, 7, 5, 5]
15132	genus	Aequorivita	1	2	2			2.00	0.00	[2]
15133	genus	Gynuella	1	4	4			4.00	0.00	[4]
15134	genus	Massilia	7	6	8			7.00	0.53	[7, 7, 7, 7, 7, 6, 8]
15135	genus	Ketogulonicigenium	2	5	6			5.50	0.50	[5, 5, 5, 5, 5, 6]
15136	genus	Pelagibaca	2	2	4			3.00	1.00	[4, 2]
15137	genus	Thauera	6	3	4			3.83	0.37	[4, 4, 4, 4, 3, 4]
15138	genus	Aureitalea	1	2	2			2.00	0.00	[2]
15139	genus	Citrobacter	17	7	9			7.53	0.50	[8, 8, 8, 8, 8, 8, 8, 9, 8, 8, 8, 8, 8, 8, 8, 8, 7, 7, 7, 7, 7, 7, 7, 7, 7, 8, 7, 7, 8, 7, 8, 8, 8, 7, 7, 8, 8, 8]
15140	genus	Thermodesulfatator	1	2	2			2.00	0.00	[2]
15141	genus	Morganella	1	7	7			7.00	0.00	[7, 7, 7, 7, 7, 7, 7, 7]
15142	genus	Candidatus Portiera	1	1	1			1.00	0.00	[1, 1, 1, 1, 1, 1, 1, 1]
15143	genus	Campylobacter	27	1	4			2.87	0.31	[3, 3, 3, 2, 3, 3, 3, 3, 3, 3, 3, 3, 3, 3, 3, 3, 3, 3, 3, 3, 3, 3, 3, 3, 3, 3, 3, 3, 3, 3, 3, 3, 3, 3, 3, 3, 3, 3, 3, 3, 3, 1, 1, 1, 1, 1, 1, 1, 1, 1, 1, 1, 1, 1, 1, 1, 1, 1, 1, 1, 1, 1, 1, 1, 1, 1, 1, 1, 1, 1, 1, 1, 1, 1, 1, 1, 1, 1, 1, 1, 1, 1, 1, 1, 1, 1, 1, 1, 1, 1, 1, 1, 1, 1, 1, 3, 3, 3, 3, 3, 3, 3, 3, 3, 3, 3, 1, 3, 1, 3, 3, 3, 3, 3, 3, 3, 3, 3, 3, 3, 3, 3, 3, 3, 3, 3, 3, 3, 3, 3, 3, 3, 3, 3, 3, 3, 1, 1, 1, 1, 1, 1, 2, 1, 1, 1, 1, 3, 3, 3, 3, 3, 3, 3, 3, 3, 3, 3, 3, 2, 3, 3, 3, 3, 3, 3, 3, 3, 3, 3, 3, 3, 3, 3, 3, 3, 3, 3, 3, 3, 3, 3, 3, 3, 3, 3, 3, 3, 3, 3, 3, 3, 3, 3, 3, 3, 3, 4, 3, 2, 1, 2, 3, 1, 2, 3, 3, 3, 3, 3, 3, 3, 3, 3, 3, 2, 3, 2, 3, 3, 3, 3, 3, 3, 3, 3, 3, 3, 3]
15144	genus	Pyrococcus	7	1	1			1.00	0.00	[1, 1, 1, 1, 1, 1, 1, 1]
15145	genus	Gloeobacter	2	1	1			1.00	0.00	[1, 1]
15146	genus	Parachlamydia	1	3	3			3.00	0.00	[3]
15147	genus	Fuerstia	1	2	2			2.00	0.00	[2]
15148	genus	Halobacterium	4	1	3			1.12	0.22	[1, 1, 3, 1, 1, 1, 1]
15149	genus	Hydrogenobaculum	5	2	2			2.00	0.00	[2, 2, 2, 2, 2]
15150	genus	Conexibacter	1	1	1			1.00	0.00	[1]
15151	genus	Paraliobacillus	1	9	9			9.00	0.00	[9]
15152	genus	Miniimonas	1	2	2			2.00	0.00	[2]
15153	genus	Marinovum	1	2	2			2.00	0.00	[2]
15154	genus	Thermosediminibacter	1	3	3			3.00	0.00	[3]
15155	genus	Acetobacterium	1	5	5			5.00	0.00	[5]
15156	genus	Pelosinus	2	9	15			12.00	3.00	[9, 15]
15157	genus	Halococcus	1	2	2			2.00	0.00	[2]
15158	genus	Wenyingzhuangia	1	4	4			4.00	0.00	[4]
15159	genus	Butyrivibrio	2	4	6			5.00	1.00	[4, 6]
15160	genus	Tateyamaria	1	1	1			1.00	0.00	[1]
15161	genus	Melaminivora	2	3	3			3.00	0.00	[3, 3]
15162	genus	Gemella	3	4	4			4.00	0.00	[4, 4, 4]
15163	genus	Pseudopedobacter	1	4	4			4.00	0.00	[4]
15164	genus	Amycolatopsis	7	3	4			3.86	0.35	[4, 4, 3, 4, 4, 4, 4, 4, 4, 4, 4]
15165	genus	Slackia	1	2	2			2.00	0.00	[2]
15166	genus	Buchnera	1	1	1			1.00	0.00	[1, 1, 1, 1, 1, 1, 1, 1, 1, 1, 1, 1, 1, 1, 1, 1, 1, 1, 1, 1, 1, 1, 1, 1, 1, 1]
15167	genus	Arcobacter	1	4	4			4.00	0.00	[4]
15168	genus	Thermobifida	1	4	4			4.00	0.00	[4]
15169	genus	Nonomuraea	1	5	5			5.00	0.00	[5]
15170	genus	Pelodictyon	2	2	3			2.50	0.50	[2, 3]
15171	genus	Acidipropionibacterium	2	3	5			3.60	0.60	[3, 4, 4, 4, 5, 4]
15172	genus	Melittangium	1	4	4			4.00	0.00	[4]
15173	genus	Staphylothermus	2	1	1			1.00	0.00	[1, 1]
15174	genus	Sodalis	4	1	7			5.00	2.45	[5, 7, 7, 1, 7]
15175	genus	Paraburkholderia	17	3	7			5.65	1.03	[6, 3, 6, 6, 4, 7, 6, 6, 6, 7, 7, 6, 6, 6, 6, 6, 4, 5, 6, 6, 6, 6]
15176	genus	Dickeya	6	7	7			7.00	0.00	[7, 7, 7, 7, 7, 7, 7, 7, 7, 7, 7, 7, 7, 7]
15177	genus	Martelella	3	2	3			2.67	0.47	[3, 3, 2]
15178	genus	Anaerotignum	1	7	7			7.00	0.00	[7]
15179	genus	Methanomassiliicoccus	1	1	1			1.00	0.00	[1]
15180	genus	Antarctobacter	1	2	2			2.00	0.00	[2]
15181	genus	Agarivorans	1	7	7			7.00	0.00	[7]
15182	genus	Psychroflexus	1	3	3			3.00	0.00	[3]
15183	genus	Zunongwangia	1	3	3			3.00	0.00	[3]
15184	genus	Mageeibacillus	1	2	2			2.00	0.00	[2]
15185	genus	Tannerella	2	2	2			2.00	0.00	[2, 2, 2, 2]
15186	genus	Erysipelothrix	2	3	9			4.90	0.90	[7, 3, 9, 5, 5, 4]
15187	genus	Acidimicrobium	1	2	2			2.00	0.00	[2]
15188	genus	Neomicrococcus	1	3	3			3.00	0.00	[3]
15189	genus	Faecalibaculum	1	14	14			14.00	0.00	[14]
15190	genus	Bacillus	75	1	16			10.16	2.24	[12, 14, 12, 8, 10, 8, 8, 13, 13, 8, 9, 9, 14, 14, 14, 14, 14, 7, 8, 9, 10, 13, 13, 13, 13, 12, 13, 13, 13, 13, 13, 13, 14, 7, 8, 8, 8, 8, 8, 8, 8, 7, 8, 8, 8, 10, 9, 10, 6, 10, 10, 10, 9, 12, 7, 7, 8, 8, 8, 8, 10, 13, 13, 13, 13, 14, 14, 14, 14, 13, 12, 14, 15, 14, 12, 13, 15, 13, 14, 14, 14, 14, 14, 14, 14, 13, 13, 13, 14, 13, 13, 12, 12, 14, 13, 13, 12, 12, 15, 14, 13, 11, 13, 12, 14, 14, 14, 14, 9, 13, 9, 11, 11, 11, 11, 11, 10, 11, 11, 10, 10, 11, 11, 11, 10, 11, 11, 11, 11, 11, 11, 10, 10, 10, 11, 11, 11, 11, 11, 11, 11, 11, 11, 11, 11, 11, 11, 11, 11, 11, 11, 11, 11, 11, 11, 11, 11, 11, 11, 14, 14, 9, 12, 11, 15, 7, 6, 7, 8, 11, 13, 13, 12, 13, 13, 14, 14, 13, 12, 14, 11, 12, 14, 13, 14, 13, 14, 14, 14, 13, 13, 14, 14, 14, 13, 14, 10, 14, 16, 15, 13, 14, 13, 15, 15, 14, 14, 14, 14, 14, 14, 13, 14, 14, 14, 15, 14, 14, 10, 12, 14, 12, 9, 10, 10, 9, 9, 10, 9, 10, 8, 7, 7, 8, 9, 9, 10, 7, 8, 9, 7, 9, 9, 5, 9, 9, 9, 9, 7, 9, 9, 9, 9, 9, 9, 9, 9, 9, 9, 7, 9, 9, 7, 9, 7, 9, 8, 9, 9, 9, 9, 9, 9, 9, 9, 9, 8, 9, 9, 9, 9, 9, 9, 7, 8, 12, 6, 10, 7, 7, 10, 9, 9, 10, 8, 8, 8, 9, 8, 9, 9, 7, 9, 9, 9, 9, 9, 8, 9, 9, 9, 9, 9, 9, 11, 12, 11, 13, 14, 13, 14, 13, 9, 12, 7, 7, 7, 8, 11, 8, 7, 8, 8, 8, 8, 14, 14, 9, 9, 8, 11, 8, 10, 10, 10, 10, 8, 10, 10, 10, 10, 10, 10, 9, 10, 9, 10, 10, 10, 10, 8, 7, 7, 7, 9, 7, 10, 10, 10, 10, 10, 7, 10, 10, 10, 1, 10, 10, 8, 10, 10, 10, 10, 10, 10, 10, 10, 10, 9, 10, 10, 10, 10, 10, 10, 10, 10, 10, 10, 10, 10, 10, 10, 10, 10, 10, 10, 10, 10, 10, 9, 10, 15, 8, 8, 8, 8, 8, 8, 10, 7, 14, 10, 13, 10, 9, 9, 10, 14, 1, 12, 14, 7, 7, 8, 8, 8, 8, 8, 8, 9, 8, 8, 8, 8, 8, 8, 9]
15191	genus	Woeseia	1	1	1			1.00	0.00	[1]
15192	genus	Tamlana	1	3	3			3.00	0.00	[3]
15193	genus	Brevundimonas	6	2	2			2.00	0.00	[2, 2, 2, 2, 2, 2]
15194	genus	Natronobacterium	1	3	3			3.00	0.00	[3]
15195	genus	Tepidanaerobacter	1	2	2			2.00	0.00	[2, 2]
15196	genus	Micavibrio	1	1	1			1.00	0.00	[1, 1]
15197	genus	Thermosipho	4	3	4			3.75	0.43	[3, 4, 4, 4, 4]
15198	genus	Candidatus Fonsibacter	1	1	1			1.00	0.00	[1]
15199	genus	Persephonella	1	2	2			2.00	0.00	[2]
15200	genus	Selenomonas	5	4	7			4.60	1.20	[4, 4, 4, 7, 4]
15201	genus	Tropheryma	1	1	1			1.00	0.00	[1, 1]
15202	genus	Mycoplasma	46	1	3			1.66	0.66	[1, 1, 2, 1, 1, 1, 1, 1, 1, 1, 2, 2, 1, 2, 2, 2, 1, 1, 1, 1, 1, 1, 2, 3, 2, 2, 2, 2, 2, 2, 1, 1, 1, 2, 1, 2, 1, 2, 2, 2, 2, 2, 2, 2, 2, 2, 2, 2, 2, 1, 2, 2, 2, 2, 2, 2, 1, 2, 2, 3, 2, 2, 2, 2, 2, 2, 2, 2, 2, 2, 2, 1, 2, 2, 2, 2, 2, 2, 2, 2, 2, 2, 2, 2, 2, 2, 2, 2, 3, 1, 3, 1, 2, 1, 2, 2, 2, 2, 2, 1, 1, 1, 2, 2, 1, 1, 1, 1, 1, 1, 1, 1, 1, 1, 1, 1, 1, 1, 1, 1, 1, 1, 1, 1, 1, 1, 1, 1, 1, 1, 1, 1, 1, 1, 1, 1, 1, 1, 1, 1, 1, 1, 1, 1, 1, 1, 1, 1, 1, 1, 1, 1, 1, 1, 1, 1, 1, 3, 3, 2, 2, 2, 2, 2, 2, 2, 2, 2, 2, 2, 2, 1, 2, 2, 2, 2, 2, 1, 1, 1, 1, 1, 1, 1, 2, 1]
15203	genus	Dictyoglomus	2	2	2			2.00	0.00	[2, 2]
15204	genus	Dialister	2	5	5			5.00	0.00	[5, 5]
15205	genus	Frischella	1	4	4			4.00	0.00	[4]
15206	genus	Kordia	1	3	3			3.00	0.00	[3]
15207	genus	Kamptonema	1	1	1			1.00	0.00	[1]
15208	genus	Hungateiclostridium	3	3	6			4.33	1.25	[4, 4, 4, 4, 3, 6]
15209	genus	Algibacter	1	2	2			2.00	0.00	[2]
15210	genus	Streptosporangium	1	6	6			6.00	0.00	[6]
15211	genus	Halomonas	15	1	7			5.13	1.45	[4, 6, 6, 6, 1, 7, 4, 6, 6, 4, 6, 6, 5, 6, 4]
15212	genus	Candidatus Purcelliella	1	1	1			1.00	0.00	[1]
15213	genus	Ensifer	2	3	5			4.00	1.00	[5, 3]
15214	genus	Haloferax	3	2	4			2.33	0.47	[4, 2, 2, 2]
15215	genus	Allochromatium	1	3	3			3.00	0.00	[3]
15216	genus	Rhodovulum	3	3	3			3.00	0.00	[3, 3, 3, 3, 3]
15217	genus	Olleya	2	4	4			4.00	0.00	[4, 4]
15218	genus	Granulicella	2	1	1			1.00	0.00	[1, 1]
15219	genus	Halohasta	1	2	2			2.00	0.00	[2]
15220	genus	Syntrophus	1	1	1			1.00	0.00	[1]
15221	genus	Sulfolobus	5	1	1			1.00	0.00	[1, 1, 1, 1, 1, 1, 1, 1, 1, 1, 1, 1, 1, 1, 1, 1, 1, 1, 1, 1, 1, 1, 1]
15222	genus	Thermoanaerobacter	8	4	4			4.00	0.00	[4, 4, 4, 4, 4, 4, 4, 4]
15223	genus	Thermodesulfobium	2	2	2			2.00	0.00	[2, 2]
15224	genus	Roseibacterium	1	2	2			2.00	0.00	[2]
15225	genus	Thioploca	1	1	1			1.00	0.00	[1]
15226	genus	Calothrix	7	1	5			3.43	1.18	[5, 4, 3, 3, 4, 4, 1]
15227	genus	Sphaerobacter	1	2	2			2.00	0.00	[2]
15228	genus	Ruminiclostridium	1	8	8			8.00	0.00	[8]
15229	genus	Escherichia	4	6	11			7.01	0.01	[7, 7, 7, 7, 7, 7, 7, 7, 7, 7, 7, 7, 7, 7, 7, 7, 7, 7, 7, 7, 7, 7, 7, 7, 7, 7, 7, 7, 7, 7, 7, 7, 7, 7, 7, 7, 7, 7, 7, 7, 7, 7, 7, 7, 7, 7, 7, 7, 7, 7, 7, 7, 7, 7, 7, 7, 7, 7, 7, 7, 7, 7, 7, 7, 7, 7, 6, 7, 7, 7, 7, 7, 7, 7, 7, 7, 9, 10, 8, 9, 11, 7, 7, 10, 7, 7, 7, 7, 7, 7, 7, 7, 7, 7, 7, 7, 6, 7, 7, 7, 7, 7, 7, 7, 7, 7, 7, 7, 7, 7, 7, 7, 7, 7, 7, 7, 7, 7, 7, 7, 7, 7, 6, 7, 7, 7, 7, 7, 7, 7, 7, 8, 7, 7, 7, 7, 7, 7, 7, 7, 7, 7, 7, 7, 7, 7, 7, 7, 8, 7, 7, 7, 7, 7, 7, 7, 7, 7, 7, 7, 7, 7, 7, 7, 7, 7, 7, 7, 7, 7, 7, 7, 7, 7, 7, 7, 7, 7, 7, 7, 7, 7, 7, 7, 7, 7, 7, 7, 7, 7, 7, 7, 7, 7, 7, 7, 7, 7, 7, 7, 7, 7, 7, 7, 7, 7, 7, 7, 7, 7, 7, 7, 7, 7, 7, 7, 7, 7, 7, 7, 7, 7, 7, 7, 7, 7, 7, 7, 7, 7, 7, 7, 7, 7, 7, 7, 7, 7, 7, 7, 7, 7, 7, 7, 8, 7, 7, 7, 7, 8, 7, 7, 7, 7, 7, 7, 7, 7, 7, 7, 7, 8, 7, 7, 7, 7, 7, 7, 7, 7, 7, 7, 7, 7, 7, 7, 7, 7, 7, 7, 7, 7, 7, 7, 7, 7, 7, 7, 7, 7, 7, 7, 7, 7, 7, 7, 7, 7, 7, 7, 7, 7, 7, 7, 7, 7, 7, 7, 7, 7, 7, 7, 7, 7, 7, 7, 7, 7, 7, 7, 7, 7, 7, 7, 7, 7, 7, 7, 7, 7, 7, 7, 7, 7, 7, 7, 7, 7, 7, 7, 7, 7, 7, 7, 7, 7, 7, 7, 7, 7, 7, 7, 7, 7, 7, 6, 7, 7, 7, 7, 7, 7, 7, 7, 7, 7, 7, 7, 7, 7, 7, 7, 7, 7, 7, 7, 7, 7, 7, 7, 7, 7, 7, 7, 7, 7, 7, 7, 7, 7, 7, 7, 7, 7, 7, 7, 7, 7, 7, 7, 7, 7, 7, 7, 7, 7, 7, 7, 7, 7, 7, 7, 7, 7, 7, 7, 7, 7, 7, 7, 7, 7, 7, 7, 7, 7, 7, 7, 7, 7, 7, 7, 7, 7, 7, 7, 7, 7, 7, 7, 7, 7, 7, 7, 7, 7, 7, 7, 7, 7, 7, 7, 7, 7, 7, 7, 7, 7, 7, 7, 7, 7, 7, 7, 7, 7, 7, 7, 7, 7, 7, 7, 7, 7, 7, 7, 7, 7, 7, 7, 7, 7, 7, 7, 7, 7, 7, 7, 7, 7, 7, 7, 7, 7, 7, 7, 7, 7, 7, 7, 7, 7, 7, 7, 7, 7, 7, 7, 7, 7, 7, 7, 7, 7, 7, 7, 7, 7, 7, 7, 7, 7, 7, 7, 7, 7, 7, 7, 7, 7, 7, 7, 7, 7, 7, 7, 7, 7, 7, 7, 7, 7, 7, 7, 7, 7, 7, 7, 7, 7, 7, 7, 7, 7, 7, 7, 7, 7, 7, 7, 7, 7, 7, 7, 7, 7, 7, 7, 7, 7, 7, 7, 7, 7, 7, 7, 7, 7, 7, 7, 7, 7, 7, 7, 7, 7, 7, 7, 7, 7, 7, 7, 7, 7, 7, 7, 7, 7, 7, 7, 7, 7, 7, 7, 7, 7, 7, 7, 7, 7, 7, 7, 7, 7, 7, 7, 7, 7, 7, 7, 7]
15230	genus	Pseudanabaena	1	2	2			2.00	0.00	[2]
15231	genus	Sphaerochaeta	3	3	4			3.67	0.47	[4, 3, 4]
15232	genus	Candidatus Vidania	1	1	1			1.00	0.00	[1]
15233	genus	Blastomonas	2	2	2			2.00	0.00	[2, 2]
15234	genus	Chondromyces	1	3	3			3.00	0.00	[3]
15235	genus	Chloracidobacterium	1	1	1			1.00	0.00	[1]
15236	genus	Veillonella	2	4	4			4.00	0.00	[4, 4, 4, 4]
15237	genus	Pseudothermotoga	4	1	1			1.00	0.00	[1, 1, 1, 1, 1]
15238	genus	Luteimonas	2	1	2			1.50	0.50	[1, 2]
15239	genus	Salinivirga	1	3	3			3.00	0.00	[3]
15240	genus	Kytococcus	1	2	2			2.00	0.00	[2]
15241	genus	Castellaniella	1	2	2			2.00	0.00	[2]
15242	genus	Sneathia	1	3	3			3.00	0.00	[3]
15243	genus	Natronolimnobius	2	3	3			3.00	0.00	[3, 3]
15244	genus	Intestinimonas	1	2	2			2.00	0.00	[2]
15245	genus	Thermomonospora	2	4	6			5.00	1.00	[6, 4]
15246	genus	Pantoea	12	3	7			6.67	1.11	[7, 7, 7, 7, 7, 7, 7, 7, 7, 7, 7, 7, 7, 3, 3, 7, 7, 7, 7, 7, 7, 7]
15247	genus	Candidatus Tachikawaea	1	3	3			3.00	0.00	[3]
15248	genus	Parvimonas	1	3	3			3.00	0.00	[3, 3]
15249	genus	Modestobacter	1	3	3			3.00	0.00	[3]
15250	genus	Megasphaera	3	6	7			6.33	0.47	[6, 7, 7, 7, 6]
15251	genus	Leptolyngbya	4	2	4			2.58	0.59	[2, 3, 3, 4, 2, 3]
15252	genus	Mordavella	1	4	4			4.00	0.00	[4]
15253	genus	Hartmannibacter	1	2	2			2.00	0.00	[2]
15254	genus	Prevotella	9	3	5			4.00	0.47	[4, 4, 4, 4, 4, 4, 4, 4, 4, 4, 4, 4, 4, 4, 4, 3, 4, 4, 4, 5, 4, 4, 4, 4]
15255	genus	Methanosarcina	12	3	3			3.00	0.00	[3, 3, 3, 3, 3, 3, 3, 3, 3, 3, 3, 3, 3, 3, 3, 3, 3, 3, 3, 3, 3, 3, 3]
15256	genus	Tenacibaculum	4	3	10			5.50	2.87	[3, 6, 10, 3]
15257	genus	Desulfotalea	1	7	7			7.00	0.00	[7]
15258	genus	Aquimarina	3	3	3			3.00	0.00	[3, 3, 3]
15259	genus	Thermocrinis	2	1	1			1.00	0.00	[1, 1]
15260	genus	Zhongshania	1	3	3			3.00	0.00	[3]
15261	genus	Azoarcus	6	3	5			4.00	0.58	[4, 4, 4, 3, 4, 4, 5]
15262	genus	Renibacterium	1	2	2			2.00	0.00	[2, 2, 2]
15263	genus	Hahella	1	5	5			5.00	0.00	[5]
15264	genus	Orrella	1	2	2			2.00	0.00	[2]
15265	genus	Lawsonella	1	2	2			2.00	0.00	[2, 2]
15266	genus	Halobacillus	2	7	7			7.00	0.00	[7, 7, 7]
15267	genus	Candidatus Doolittlea	1	1	1			1.00	0.00	[1]
15268	genus	Aeromicrobium	3	2	2			2.00	0.00	[2, 2, 2]
15269	genus	Bdellovibrio	2	1	2			1.30	0.30	[1, 2, 2, 2, 1, 1]
15270	genus	Staphylococcus	34	1	8			5.71	0.98	[5, 6, 6, 6, 6, 5, 6, 6, 6, 5, 5, 5, 6, 5, 6, 6, 5, 6, 6, 6, 6, 5, 7, 4, 7, 6, 7, 6, 5, 6, 6, 6, 6, 5, 6, 5, 5, 6, 6, 6, 6, 6, 5, 6, 6, 6, 6, 6, 6, 1, 6, 7, 1, 7, 6, 5, 6, 6, 5, 6, 6, 6, 6, 6, 6, 6, 6, 6, 6, 5, 6, 5, 6, 5, 5, 5, 5, 6, 5, 6, 6, 5, 5, 6, 5, 6, 5, 5, 5, 5, 5, 6, 4, 4, 5, 5, 5, 6, 5, 5, 5, 6, 6, 5, 5, 5, 5, 5, 7, 5, 5, 5, 5, 5, 6, 6, 6, 6, 5, 5, 6, 6, 5, 6, 5, 5, 5, 5, 5, 5, 6, 5, 5, 5, 5, 5, 5, 5, 6, 6, 6, 6, 6, 6, 6, 5, 6, 6, 6, 6, 6, 7, 6, 5, 6, 6, 5, 5, 5, 6, 6, 6, 6, 6, 6, 6, 6, 6, 6, 6, 6, 6, 5, 5, 6, 4, 5, 6, 6, 6, 6, 5, 5, 5, 5, 4, 6, 5, 5, 5, 6, 6, 6, 5, 6, 6, 6, 6, 6, 6, 5, 5, 5, 5, 5, 6, 6, 6, 6, 5, 6, 6, 6, 5, 6, 6, 6, 6, 5, 5, 5, 6, 6, 6, 5, 5, 5, 5, 5, 5, 5, 5, 5, 5, 5, 5, 5, 5, 5, 5, 6, 6, 6, 6, 6, 6, 6, 6, 6, 6, 6, 6, 6, 6, 6, 5, 6, 5, 5, 6, 6, 6, 6, 6, 6, 6, 6, 6, 6, 6, 6, 5, 5, 1, 1, 5, 1, 6, 6, 6, 6, 6, 6, 5, 5, 5, 5, 6, 6, 6, 6, 6, 6, 6, 6, 6, 6, 5, 6, 6, 5, 6, 6, 6, 6, 6, 6, 6, 6, 5, 6, 6, 6, 6, 6, 6, 5, 6, 6, 6, 6, 6, 5, 6, 5, 5, 6, 6, 6, 6, 5, 5, 6, 6, 5, 5, 6, 6, 6, 6, 6, 6, 6, 5, 5, 6, 6, 6, 6, 6, 6, 6, 6, 5, 5, 5, 5, 6, 6, 6, 6, 6, 6, 6, 6, 6, 6, 8, 6, 6, 6, 6, 6, 6, 6, 6, 6, 6, 6, 6, 6, 6, 6, 6, 6, 5, 6, 6, 6, 6, 6, 6, 6, 6, 6, 6, 5, 6, 6, 5, 5, 6, 6, 6, 6, 6, 6, 6, 6, 6, 6, 5, 5, 6, 6, 6, 7, 7, 7, 5, 6]
15271	genus	Dokdonia	4	3	3			3.00	0.00	[3, 3, 3, 3]
15272	genus	Rhodobacter	4	2	4			3.58	0.43	[4, 3, 4, 4, 4, 4, 3, 3, 3, 2, 3, 4]
15273	genus	Candidatus Nitrosocaldus	2	1	1			1.00	0.00	[1, 1]
15274	genus	Candidatus Ishikawaella	1	3	3			3.00	0.00	[3]
15275	genus	Adlercreutzia	1	2	2			2.00	0.00	[2]
15276	genus	Natrinema	3	3	4			3.33	0.47	[3, 3, 4]
15277	genus	Anaerostipes	1	9	9			9.00	0.00	[9]
15278	genus	Synechococcus	25	1	3			1.88	0.43	[2, 2, 2, 2, 2, 2, 1, 1, 1, 2, 2, 2, 2, 2, 2, 2, 2, 3, 1, 2, 2, 2, 2, 2, 2, 2]
15279	genus	Salinicola	1	5	5			5.00	0.00	[5]
15280	genus	Sphingorhabdus	4	1	2			1.75	0.43	[2, 2, 1, 2]
15281	genus	Methanoregula	2	1	1			1.00	0.00	[1, 1]
15282	genus	Pleurocapsa	1	3	3			3.00	0.00	[3]
15283	genus	Hydrogenobacter	1	1	1			1.00	0.00	[1, 1]
15284	genus	Streptobacillus	1	5	5			5.00	0.00	[5, 5]
15285	genus	Azotobacter	2	6	6			6.00	0.00	[6, 6, 6, 6, 6]
15286	genus	Salinicoccus	1	4	4			4.00	0.00	[4]
15287	genus	Grimontia	1	9	9			9.00	0.00	[9]
15288	genus	Cobetia	1	7	7			7.00	0.00	[7]
15289	genus	Marinobacterium	1	6	6			6.00	0.00	[6]
15290	genus	Solitalea	1	4	4			4.00	0.00	[4]
15291	genus	Draconibacterium	1	2	2			2.00	0.00	[2]
15292	genus	Dermacoccus	1	3	3			3.00	0.00	[3]
15293	genus	Sediminicola	1	3	3			3.00	0.00	[3]
15294	genus	Salinarchaeum	1	1	1			1.00	0.00	[1]
15295	genus	Gluconacetobacter	1	4	4			4.00	0.00	[4, 4]
15296	genus	Cedecea	1	7	7			7.00	0.00	[7, 7, 7, 7]
15297	genus	Catenovulum	1	7	7			7.00	0.00	[7]
15298	genus	Neorickettsia	3	1	1			1.00	0.00	[1, 1, 1]
15299	genus	Tatumella	2	7	7			7.00	0.00	[7, 7, 7]
15300	genus	Rouxiella	1	8	8			8.00	0.00	[8]
15301	genus	Candidatus Protochlamydia	1	4	4			4.00	0.00	[4]
15302	genus	Peptoniphilus	1	4	4			4.00	0.00	[4]
15303	genus	Gordonia	7	2	4			3.29	0.70	[4, 4, 3, 3, 3, 3, 4, 2]
15304	genus	Methylococcus	1	2	2			2.00	0.00	[2]
15305	genus	Caulobacter	5	2	2			2.00	0.00	[2, 2, 2, 2, 2, 2, 2, 2, 2, 2]
15306	genus	Gordonibacter	2	1	3			2.00	1.00	[3, 1]
15307	genus	Thalassolituus	1	3	4			3.67	0.00	[4, 4, 3]
15308	genus	Lacinutrix	3	2	2			2.00	0.00	[2, 2, 2]
15309	genus	Rhodobaca	1	3	3			3.00	0.00	[3]
15310	genus	Kangiella	4	2	2			2.00	0.00	[2, 2, 2, 2]
15311	genus	Kitasatospora	4	6	11			8.75	1.79	[11, 9, 6, 9]
15312	genus	Micropruina	1	1	1			1.00	0.00	[1]
15313	genus	Melissococcus	1	4	4			4.00	0.00	[4]
15314	genus	Serinicoccus	1	2	2			2.00	0.00	[2]
15315	genus	Sideroxydans	1	2	2			2.00	0.00	[2]
15316	genus	Clavibacter	5	2	2			2.00	0.00	[2, 2, 2, 2, 2, 2, 2]
15317	genus	Achromobacter	5	3	4			3.40	0.37	[3, 3, 3, 3, 3, 3, 3, 3, 4, 4, 3, 3, 4, 3, 4]
15318	genus	Mycobacteroides	5	1	2			1.20	0.40	[1, 1, 1, 1, 2, 2, 1, 1, 1, 1, 1, 1, 1, 1, 1, 1, 1, 1, 1, 1, 1, 1, 1, 1, 1, 1, 1, 1, 1, 1, 1, 1, 1, 1, 1, 1, 1, 1, 1]
15319	genus	Candidatus Phytoplasma	5	2	2			2.00	0.00	[2, 2, 2, 2, 2, 2, 2]
15320	genus	Luteitalea	1	1	1			1.00	0.00	[1]
15321	genus	Tatlockia	1	3	3			3.00	0.00	[3, 3, 3]
15322	genus	Dichelobacter	1	3	3			3.00	0.00	[3]
15323	genus	Phoenicibacter	1	2	2			2.00	0.00	[2]
15324	genus	Moraxella	5	4	4			4.00	0.00	[4, 4, 4, 4, 4, 4, 4, 4, 4, 4, 4, 4, 4, 4, 4, 4, 4, 4, 4, 4, 4, 4]
15325	genus	Aquabacterium	1	4	4			4.00	0.00	[4]
15326	genus	Candidatus Evansia	1	1	1			1.00	0.00	[1]
15327	genus	Anaerolinea	1	2	2			2.00	0.00	[2]
15328	genus	Xylella	2	2	2			2.00	0.00	[2, 2, 2, 2, 2, 2, 2, 2, 2, 2, 2, 2, 2, 2, 2, 2, 2]
15329	genus	Palaeococcus	1	2	2			2.00	0.00	[2]
15330	genus	Catenulispora	1	3	3			3.00	0.00	[3]
15331	genus	Cryptobacterium	1	3	3			3.00	0.00	[3]
15332	genus	Pontibacter	2	4	4			4.00	0.00	[4, 4]
15333	genus	Desulfobacula	1	4	4			4.00	0.00	[4]
15334	genus	Calditerrivibrio	1	2	2			2.00	0.00	[2]
15335	genus	Dinoroseobacter	1	2	2			2.00	0.00	[2]
15336	genus	Methanoculleus	3	1	1			1.00	0.00	[1, 1, 1, 1]
15337	genus	Chloroherpeton	1	1	1			1.00	0.00	[1]
15338	genus	Intrasporangium	1	2	2			2.00	0.00	[2, 2]
15339	genus	Sediminispirochaeta	1	2	2			2.00	0.00	[2]
15340	genus	Arthrobacter	16	4	9			5.69	1.21	[9, 4, 6, 6, 4, 5, 6, 6, 6, 5, 4, 6, 6, 5, 6, 7, 6, 8]
15341	genus	Beutenbergia	1	2	2			2.00	0.00	[2]
15342	genus	Rickettsia	22	1	1			1.00	0.00	[1, 1, 1, 1, 1, 1, 1, 1, 1, 1, 1, 1, 1, 1, 1, 1, 1, 1, 1, 1, 1, 1, 1, 1, 1, 1, 1, 1, 1, 1, 1, 1, 1, 1, 1, 1, 1, 1, 1, 1, 1, 1, 1, 1, 1, 1, 1, 1, 1, 1, 1, 1, 1, 1, 1, 1, 1, 1, 1, 1, 1, 1]
15343	genus	Tsukamurella	2	2	2			2.00	0.00	[2, 2]
15344	genus	Desulfomonile	1	1	1			1.00	0.00	[1]
15345	genus	Desulfurivibrio	1	2	2			2.00	0.00	[2]
15346	genus	Stenotrophomonas	9	2	4			3.42	0.67	[4, 4, 3, 2, 3, 3, 3, 4, 4, 4, 4, 4, 4, 4, 4, 4, 4, 4, 2, 4, 3, 4, 4, 4, 4, 3, 4, 4]
15347	genus	Legionella	11	1	4			3.36	0.88	[3, 1, 4, 4, 3, 3, 3, 3, 3, 3, 3, 3, 3, 3, 3, 3, 3, 3, 3, 3, 3, 3, 3, 3, 3, 3, 3, 3, 3, 3, 3, 3, 3, 3, 3, 3, 3, 3, 3, 3, 3, 3, 3, 3, 3, 3, 3, 3, 3, 3, 3, 3, 3, 3, 3, 3, 3, 3, 3, 3, 3, 3, 3, 3, 3, 3, 3, 3, 3, 3, 3, 3, 3, 3, 3, 3, 3, 3, 3, 3, 3, 3, 3, 3, 3, 3, 3, 3, 3, 3, 3, 3, 3, 3, 3, 4, 4, 4, 3, 4, 4, 4]
15348	genus	Methylorubrum	3	5	5			5.00	0.00	[5, 5, 5, 5, 5, 5, 5, 5, 5]
15349	genus	Chelatococcus	2	2	2			2.00	0.00	[2, 2]
15350	genus	Arenibacter	1	3	3			3.00	0.00	[3]
15351	genus	Desulfofarcimen	1	10	10			10.00	0.00	[10]
15352	genus	Solibacillus	2	12	12			12.00	0.00	[12, 12, 12]
15353	genus	Phytobacter	1	7	7			7.00	0.00	[7]
15354	genus	Haematospirillum	1	5	5			5.00	0.00	[5]
15355	genus	Lutibacter	2	2	2			2.00	0.00	[2, 2]
15356	genus	Rhodopirellula	1	1	1			1.00	0.00	[1]
15357	genus	Thermovibrio	1	3	3			3.00	0.00	[3]
15358	genus	Marivirga	1	2	2			2.00	0.00	[2]
15359	genus	Shewanella	26	8	14			9.31	1.43	[10, 10, 8, 8, 8, 8, 8, 9, 9, 11, 12, 8, 9, 10, 8, 9, 9, 10, 14, 9, 10, 10, 10, 10, 10, 10, 10, 10, 10, 9, 8, 9, 8, 8, 11, 8]
15360	genus	Natranaerobius	1	4	4			4.00	0.00	[4]
15361	genus	Halosimplex	1	2	2			2.00	0.00	[2]
15362	genus	Neoasaia	1	4	4			4.00	0.00	[4]
15363	genus	Pseudonocardia	7	3	4			3.57	0.49	[3, 3, 3, 4, 4, 4, 4]
15364	genus	Oleiphilus	1	5	5			5.00	0.00	[5]
15365	genus	Candidatus Methanoplasma	1	1	1			1.00	0.00	[1]
15366	genus	Xenorhabdus	5	7	7			7.00	0.00	[7, 7, 7, 7, 7, 7]
15367	genus	Sphingobium	14	2	4			2.57	0.62	[4, 4, 2, 3, 2, 3, 2, 3, 3, 3, 2, 2, 2, 3, 2]
15368	genus	Marichromatium	1	3	3			3.00	0.00	[3]
15369	genus	Gibbsiella	1	7	7			7.00	0.00	[7]
15370	genus	Acetomicrobium	1	2	2			2.00	0.00	[2]
15371	genus	Mariprofundus	2	1	2			1.50	0.50	[2, 1]
15372	genus	Nitratiruptor	1	3	3			3.00	0.00	[3]
15373	genus	Hyphomonas	2	1	1			1.00	0.00	[1, 1]
15374	genus	Saprospira	1	3	3			3.00	0.00	[3]
15375	genus	Halodesulfurarchaeum	1	1	1			1.00	0.00	[1, 1]
15376	genus	Candidatus Tremblaya	1	2	2			2.00	0.00	[2, 2]
15377	genus	Euzebya	1	2	2			2.00	0.00	[2]
15378	genus	Pseudoalteromonas	24	5	12			8.67	1.11	[9, 5, 8, 10, 9, 9, 8, 7, 8, 9, 9, 8, 8, 8, 10, 9, 12, 12, 12, 8, 9, 9, 9, 9, 10, 8, 9, 7, 8, 8, 8]
15379	genus	Thermobispora	1	4	4			4.00	0.00	[4]
15380	genus	Thalassotalea	1	6	6			6.00	0.00	[6]
15381	genus	Candidatus Babela	1	1	1			1.00	0.00	[1]
15382	genus	Breoghania	1	2	2			2.00	0.00	[2]
15383	genus	Murdochiella	1	2	2			2.00	0.00	[2]
15384	genus	Edwardsiella	7	7	10			8.31	0.69	[9, 9, 8, 8, 8, 8, 7, 8, 8, 9, 9, 7, 8, 10]
15385	genus	Blattabacterium	10	1	1			1.00	0.00	[1, 1, 1, 1, 1, 1, 1, 1, 1, 1, 1, 1, 1, 1, 1, 1, 1, 1, 1, 1]
15386	genus	Gallibacterium	1	6	6			6.00	0.00	[6]
15387	genus	Thermosphaera	1	1	1			1.00	0.00	[1]
15388	genus	Ottowia	2	2	3			2.50	0.50	[2, 3]
15389	genus	Novibacillus	1	4	4			4.00	0.00	[4]
15390	genus	Bacteriovorax	1	2	2			2.00	0.00	[2]
15391	genus	Caldisericum	1	1	1			1.00	0.00	[1]
15392	genus	Pandoraea	9	2	4			3.73	0.63	[4, 2, 2, 4, 4, 3, 3, 4, 4, 4, 4, 4, 4, 4, 4, 4, 4, 4, 4]
15393	genus	Leptonema	1	2	2			2.00	0.00	[2]
15394	genus	Methylacidiphilum	2	1	1			1.00	0.00	[1, 1]
15395	genus	Croceicoccus	2	1	2			1.50	0.50	[1, 2]
15396	genus	Thermovirga	1	3	3			3.00	0.00	[3]
15397	genus	Halanaerobium	2	4	4			4.00	0.00	[4, 4]
15398	genus	Denitrovibrio	1	2	2			2.00	0.00	[2]
15399	genus	Niabella	2	2	2			2.00	0.00	[2, 2]
15400	genus	Methylosinus	1	3	3			3.00	0.00	[3]
15401	genus	Clostridioides	1	10	12			11.92	0.00	[11, 10, 11, 12, 12, 12, 12, 12, 12, 12, 12, 12, 12, 12, 12, 12, 12, 12, 12, 12, 12, 12, 12, 12, 12, 12, 12, 12, 12, 12, 12, 12, 12, 12, 12, 12, 12, 12, 12, 12, 12, 12, 12, 12, 12, 12, 12, 12]
15402	genus	Candidatus Azobacteroides	1	2	2			2.00	0.00	[2, 2]
15403	genus	Lelliottia	4	7	8			7.75	0.43	[8, 7, 7, 8, 8]
15404	genus	Halopiger	1	3	3			3.00	0.00	[3]
15405	genus	Alkaliphilus	2	8	10			9.00	1.00	[8, 10]
15406	genus	Mogibacterium	1	2	2			2.00	0.00	[2]
15407	genus	Bordetella	17	3	5			3.09	0.35	[3, 3, 4, 5, 3, 3, 3, 3, 3, 3, 3, 3, 3, 3, 3, 3, 3, 3, 3, 3, 3, 3, 3, 3, 3, 3, 3, 3, 3, 3, 3, 3, 3, 3, 3, 3, 3, 3, 3, 3, 3, 3, 3, 3, 3, 3, 3, 3, 3, 3, 3, 3, 3, 3, 3, 3, 3, 3, 3, 3, 3, 3, 3, 3, 3, 3, 3, 3, 3, 3, 3, 3, 3, 3, 3, 3, 3, 3, 3, 3, 3, 3, 3, 3, 3, 3, 3, 3, 3, 3, 3, 3, 3, 3, 3, 3, 3, 3, 3, 3, 3, 3, 3, 3, 3, 4, 3, 3, 3, 3, 4, 3, 3, 3, 3, 3, 3, 3, 3, 3, 3, 3, 3, 3, 3, 3, 3, 3, 3, 3, 3, 3, 3, 3, 3, 3, 3, 3, 3, 3, 3, 3, 3, 3, 3, 3, 3, 3, 3, 3, 3, 3, 3, 3, 3, 3, 3, 3, 3, 3, 3, 3, 3, 3, 3, 3, 3, 3, 3, 3, 3, 3, 3, 3, 3, 3, 3, 3, 3, 3, 3, 3, 3, 3, 3, 3, 3, 3, 3, 3, 3, 3, 3, 3, 3, 3, 3, 3, 3, 3, 3, 3, 3, 3, 3, 3, 3, 3, 3, 3, 3, 3, 3, 3, 3, 3, 3, 3, 3, 3, 3, 3, 3, 3, 3, 3, 3, 3, 3, 3, 3, 3, 3, 3, 3, 3, 3, 3, 3, 3, 3, 3, 3, 3, 3, 3, 3, 3, 3, 3, 3, 3, 3, 3, 3, 3, 3, 3, 3, 3, 3, 3, 3, 3, 3, 3, 3, 3, 3, 3, 3, 3, 3, 3, 3, 3, 3, 3, 3, 3, 3, 3, 3, 3, 3, 3, 3, 3, 3, 3, 3, 3, 3, 3, 3, 3, 3, 3, 3, 3, 3, 3, 3, 3, 3, 3, 3, 3, 3, 3, 3, 3, 3, 3, 3, 3, 3, 3, 3, 3, 3, 3, 3, 3, 3, 3, 3, 3, 3, 3, 3, 3, 3, 3, 3, 3, 3, 3, 3, 3, 3, 3, 3, 3, 3, 3, 3, 3, 3, 3, 3, 3, 3, 3, 3, 3, 3, 3, 3, 3, 3, 3, 3, 3, 3, 3, 3, 3, 3, 3, 3, 3, 3, 3, 3, 3, 3, 3, 3, 3, 3, 3, 3, 3, 3, 3, 3, 3, 3, 3, 3, 3, 3, 3, 3, 3, 3, 3, 3, 3, 3, 3, 3, 3, 3, 3, 3, 3, 3, 3, 3]
15408	genus	Rhodomicrobium	1	2	2			2.00	0.00	[2]
15409	genus	Pseudopropionibacterium	1	2	2			2.00	0.00	[2]
15410	genus	Methyloversatilis	1	2	2			2.00	0.00	[2]
15411	genus	Polymorphum	1	2	2			2.00	0.00	[2]
15412	genus	Virgibacillus	6	6	8			6.83	0.69	[8, 7, 6, 7, 7, 6]
15413	genus	Hirschia	1	2	2			2.00	0.00	[2]
15414	genus	Raoultella	3	8	8			8.00	0.00	[8, 8, 8, 8, 8, 8, 8, 8]
15415	genus	Acinetobacter	33	1	7			6.59	0.49	[7, 7, 7, 6, 7, 7, 7, 7, 6, 7, 7, 7, 7, 7, 7, 7, 7, 7, 6, 6, 6, 7, 6, 6, 6, 6, 6, 6, 6, 6, 4, 6, 6, 6, 6, 6, 1, 6, 6, 6, 6, 6, 6, 6, 6, 6, 6, 6, 6, 6, 6, 6, 6, 6, 6, 6, 6, 6, 6, 6, 6, 6, 6, 6, 6, 6, 6, 6, 6, 6, 6, 6, 6, 6, 6, 6, 6, 6, 6, 6, 6, 6, 6, 6, 6, 6, 6, 6, 6, 6, 6, 6, 6, 6, 6, 6, 6, 6, 6, 6, 6, 6, 6, 6, 6, 6, 6, 6, 6, 6, 6, 6, 6, 6, 6, 6, 6, 6, 6, 6, 6, 6, 6, 6, 6, 6, 6, 5, 6, 6, 6, 6, 6, 6, 6, 7, 6, 6, 6, 6, 7, 7, 7, 6, 6, 7, 7, 6, 6, 6, 6, 7, 7, 2, 6, 6, 6, 6, 6, 6, 6, 6, 6, 6, 7, 7, 6, 6, 6, 6, 6, 6, 7]
15416	genus	Methanobacterium	7	2	3			2.29	0.45	[2, 2, 2, 2, 2, 3, 2, 3, 2, 2]
15417	genus	Candidatus Accumulibacter	1	2	2			2.00	0.00	[2]
15418	genus	Acidihalobacter	1	1	1			1.00	0.00	[1]
15419	genus	Marivivens	1	3	3			3.00	0.00	[3]
15420	genus	Oceanimonas	1	7	7			7.00	0.00	[7]
15421	genus	Cellulosimicrobium	2	3	3			3.00	0.00	[3, 3]
15422	genus	Haloarcobacter	1	4	4			4.00	0.00	[4]
15423	genus	Streptacidiphilus	1	8	8			8.00	0.00	[8]
15424	genus	Oligotropha	1	1	1			1.00	0.00	[1, 1, 1]
15425	genus	Methanococcoides	2	3	3			3.00	0.00	[3, 3]
15426	genus	Candidatus Endolissoclinum	1	1	1			1.00	0.00	[1, 1]
15427	genus	Bradymonas	1	5	5			5.00	0.00	[5]
15428	genus	Ralstonia	4	2	4			2.80	0.55	[4, 3, 3, 3, 2, 3, 3, 4, 4, 4, 4, 4, 4, 4, 4, 3, 3, 4, 3, 3, 3, 4, 4, 4, 3, 4, 4, 3, 4, 4, 3, 4, 3, 3, 4, 3, 3, 3, 4, 4, 4, 4, 4, 3, 3, 3, 3, 2, 2, 2]
15429	genus	Blautia	3	5	5			5.00	0.00	[5, 5, 5]
15430	genus	Thermobacillus	1	5	5			5.00	0.00	[5]
15431	genus	Cellulophaga	3	4	5			4.33	0.47	[4, 4, 4, 4, 4, 5]
15432	genus	Oceanobacillus	3	7	10			9.17	1.18	[10, 7, 8, 10]
15433	genus	Pseudodesulfovibrio	3	1	3			2.00	0.82	[3, 1, 2]
15434	genus	Fibrobacter	1	3	3			3.00	0.00	[3, 3]
15435	genus	Simkania	1	1	1			1.00	0.00	[1]
15436	genus	Thermogutta	1	1	1			1.00	0.00	[1]
15437	genus	Corallococcus	1	3	3			3.00	0.00	[3]
15438	genus	Acetoanaerobium	1	6	6			6.00	0.00	[6]
15439	genus	Seonamhaeicola	1	2	2			2.00	0.00	[2]
15440	genus	Aliiarcobacter	2	5	5			5.00	0.00	[5, 5, 5, 5, 5]
15441	genus	Brachyspira	4	1	1			1.00	0.00	[1, 1, 1, 1, 1, 1, 1, 1, 1]
15442	genus	Haloterrigena	2	2	3			2.50	0.50	[2, 3]
15443	genus	Methylocystis	2	1	2			1.50	0.50	[1, 2]
15444	genus	Dehalococcoides	2	1	1			1.00	0.00	[1, 1, 1, 1, 1, 1, 1, 1, 1, 1, 1, 1, 1, 1, 1, 1, 1, 1, 1, 1, 1, 1, 1, 1]
15445	genus	Prochlorococcus	3	1	2			1.03	0.05	[1, 1, 1, 1, 2, 1, 1, 1, 1, 1, 1, 1]
15446	genus	Pseudogulbenkiania	1	8	8			8.00	0.00	[8]
15447	genus	Asaia	1	5	5			5.00	0.00	[5]
15448	genus	Planctomyces	2	2	4			3.00	1.00	[2, 4]
15449	genus	Cellulomonas	4	2	2			2.00	0.00	[2, 2, 2, 2]
15450	genus	Nostoc	10	3	6			4.30	0.78	[4, 5, 4, 4, 4, 5, 4, 4, 6, 3]
15451	genus	Ferrimonas	1	7	7			7.00	0.00	[7]
15452	genus	Ochrobactrum	4	4	5			4.50	0.50	[4, 4, 5, 4, 5]
15453	genus	Ahniella	1	2	2			2.00	0.00	[2]
15454	genus	Metallosphaera	3	1	1			1.00	0.00	[1, 1, 1, 1, 1, 1, 1, 1]
15455	genus	Comamonas	3	2	9			4.56	0.42	[5, 3, 9, 2, 4]
15456	genus	Kyrpidia	2	5	5			5.00	0.00	[5, 5]
15457	genus	Candidatus Symbiobacter	1	2	2			2.00	0.00	[2]
15458	genus	Kingella	1	4	4			4.00	0.00	[4]
15459	genus	Ezakiella	1	2	2			2.00	0.00	[2]
15460	genus	Dolichospermum	1	5	5			5.00	0.00	[5, 5, 5]
15461	genus	Leptospirillum	3	2	3			2.33	0.47	[2, 2, 2, 3]
15462	genus	Syntrophomonas	1	3	3			3.00	0.00	[3]
15463	genus	Candidatus Carsonella	1	1	1			1.00	0.00	[1]
15464	genus	Methyloceanibacter	2	1	1			1.00	0.00	[1, 1]
15465	genus	Formosa	2	2	2			2.00	0.00	[2, 2]
15466	genus	Macrococcus	3	4	5			4.83	0.24	[5, 5, 4, 5]
15467	genus	Shinella	1	3	3			3.00	0.00	[3]
15468	genus	Laceyella	1	12	12			12.00	0.00	[12]
15469	genus	Coprothermobacter	1	2	2			2.00	0.00	[2]
15470	genus	Parascardovia	1	2	2			2.00	0.00	[2]
15471	genus	Candidatus Ruthia	1	1	1			1.00	0.00	[1]
15472	genus	Arthrospira	1	2	2			2.00	0.00	[2]
15473	genus	Kluyvera	1	7	7			7.00	0.00	[7]
15474	genus	Aminobacterium	1	3	3			3.00	0.00	[3]
15475	genus	Opitutus	1	1	1			1.00	0.00	[1]
15476	genus	Thioflavicoccus	1	2	2			2.00	0.00	[2]
15477	genus	Waddlia	1	2	2			2.00	0.00	[2]
15478	genus	Paludisphaera	1	3	3			3.00	0.00	[3]
15479	genus	Aggregatibacter	3	6	6			6.00	0.00	[6, 6, 6, 6, 6, 6, 6, 6, 6, 6, 6]
15480	genus	Methanolobus	1	3	3			3.00	0.00	[3]
15481	genus	Filimonas	1	5	5			5.00	0.00	[5]
15482	genus	Auritidibacter	1	2	2			2.00	0.00	[2]
15483	genus	Thermofilum	4	1	1			1.00	0.00	[1, 1, 1, 1]
15484	genus	Marinomonas	3	7	8			7.67	0.47	[7, 8, 8]
15485	genus	Planococcus	11	8	11			9.18	0.72	[9, 9, 9, 9, 9, 8, 11, 10, 9, 9, 9, 9]
15486	genus	Belliella	1	4	4			4.00	0.00	[4]
15487	genus	Halogeometricum	1	2	2			2.00	0.00	[2]
15488	genus	Acetobacter	9	3	5			4.66	0.66	[4, 5, 5, 5, 5, 5, 5, 5, 4, 5, 5, 5, 5, 5, 5, 5, 3, 5, 5, 5, 5, 5, 5, 5, 5]
15489	genus	Azospira	1	2	2			2.00	0.00	[2]
15490	genus	Actinomyces	11	3	3			3.00	0.00	[3, 3, 3, 3, 3, 3, 3, 3, 3, 3, 3, 3]
15490   genus   Schaalia     11      3       3                       3.00    0.00    [3, 3, 3, 3, 3, 3, 3, 3, 3, 3, 3, 3]
15491	genus	Petrotoga	1	2	2			2.00	0.00	[2]
15492	genus	Mycolicibacter	2	2	2			2.00	0.00	[2, 2]
15493	genus	Petrimonas	1	2	2			2.00	0.00	[2]
15494	genus	Bibersteinia	1	6	6			6.00	0.00	[6, 6, 6, 6]
15495	genus	Chromohalobacter	1	5	5			5.00	0.00	[5]
15496	genus	Candidatus Amoebophilus	1	1	1			1.00	0.00	[1]
15497	genus	Hyphomicrobium	3	1	1			1.00	0.00	[1, 1, 1, 1]
15498	genus	Sulfuricurvum	1	3	3			3.00	0.00	[3]
15499	genus	Parvularcula	1	1	1			1.00	0.00	[1]
15500	genus	Psychromonas	2	10	10			10.00	0.00	[10, 10]
15501	genus	Actinosynnema	2	5	5			5.00	0.00	[5, 5, 5]
15502	genus	Thermosynechococcus	1	1	1			1.00	0.00	[1]
15503	genus	Methanolacinia	1	2	2			2.00	0.00	[2]
15504	genus	Chloroflexus	2	3	3			3.00	0.00	[3, 3, 3]
15505	genus	Brucella	13	3	3			3.00	0.00	[3, 3, 3, 3, 3, 3, 3, 3, 3, 3, 3, 3, 3, 3, 3, 3, 3, 3, 3, 3, 3, 3, 3, 3, 3, 3, 3, 3, 3, 3, 3, 3, 3, 3, 3, 3, 3, 3, 3, 3, 3, 3, 3, 3, 3, 3, 3, 3, 3, 3, 3, 3, 3, 3, 3, 3, 3, 3, 3, 3, 3, 3, 3, 3, 3, 3, 3, 3, 3, 3, 3, 3, 3, 3, 3, 3, 3, 3, 3, 3, 3, 3, 3, 3, 3, 3, 3, 3, 3, 3, 3, 3, 3, 3, 3, 3, 3, 3, 3, 3, 3, 3, 3, 3, 3, 3, 3, 3, 3, 3, 3]
15506	genus	Chromobacterium	6	8	8			8.00	0.00	[8, 8, 8, 8, 8, 8, 8, 8]
15507	genus	Limnobaculum	1	7	7			7.00	0.00	[7]
15508	genus	Ethanoligenens	1	3	3			3.00	0.00	[3, 3]
15509	genus	Rhizobacter	1	3	3			3.00	0.00	[3, 3]
15510	genus	Desulfarculus	1	1	1			1.00	0.00	[1]
15511	genus	Oceanicoccus	1	2	2			2.00	0.00	[2]
15512	genus	Luteibacter	1	2	2			2.00	0.00	[2]
15513	genus	Dehalobacter	3	3	4			3.33	0.47	[3, 4, 3]
15514	genus	Candidatus Thioglobus	2	1	1			1.00	0.00	[1, 1, 1]
15515	genus	Fusobacterium	8	3	8			6.02	1.17	[6, 7, 7, 8, 5, 5, 5, 5, 5, 5, 5, 5, 5, 5, 5, 5, 5, 5, 5, 3, 4, 4, 4, 5, 3, 5, 5, 5, 5, 5, 4, 5, 6, 7, 7]
15516	genus	Jeotgalibaca	2	6	6			6.00	0.00	[6, 6]
15517	genus	Sulfurovum	2	3	3			3.00	0.00	[3, 3]
15518	genus	Natrialba	1	3	3			3.00	0.00	[3]
15519	genus	Austwickia	1	2	2			2.00	0.00	[2]
15520	genus	Sagittula	1	2	2			2.00	0.00	[2]
15521	genus	Methanothermus	1	2	2			2.00	0.00	[2]
15522	genus	Echinicola	2	4	4			4.00	0.00	[4, 4]
15523	genus	Defluviimonas	1	2	2			2.00	0.00	[2]
15524	genus	Pimelobacter	1	2	2			2.00	0.00	[2]
15525	genus	Simiduia	1	3	3			3.00	0.00	[3]
15526	genus	Phreatobacter	1	2	2			2.00	0.00	[2]
15527	genus	Nitrospira	4	1	1			1.00	0.00	[1, 1, 1, 1]
15528	genus	Gemmobacter	1	3	3			3.00	0.00	[3]
15529	genus	Xanthobacter	1	2	2			2.00	0.00	[2]
15530	genus	Synechocystis	3	2	2			2.00	0.00	[2, 2, 2, 2, 2, 2, 2, 2, 2]
15531	genus	Saccharophagus	1	2	2			2.00	0.00	[2]
15532	genus	Ramlibacter	1	1	2			1.50	0.00	[1, 2]
15533	genus	Mycobacterium	32	1	3			1.49	0.55	[1, 1, 1, 1, 2, 2, 2, 2, 2, 2, 1, 1, 1, 1, 1, 1, 1, 1, 1, 1, 1, 1, 1, 1, 1, 1, 1, 1, 1, 1, 2, 1, 1, 1, 1, 1, 1, 1, 1, 1, 1, 3, 2, 1, 1, 1, 1, 1, 2, 1, 2, 1, 1, 2, 1, 1, 1, 1, 1, 1, 1, 1, 1, 1, 1, 1, 2, 2, 1, 2, 2, 2, 1, 1, 1, 1, 1, 1, 1, 1, 1, 1, 1, 1, 1, 1, 1, 1, 1, 1, 1, 1, 1, 1, 1, 1, 1, 1, 1, 1, 1, 1, 1, 1, 1, 1, 1, 1, 1, 1, 1, 1, 1, 1, 1, 1, 1, 1, 1, 1, 1, 1, 1, 1, 1, 1, 1, 1, 1, 1, 1, 1, 1, 1, 1, 1, 1, 1, 1, 1, 1, 1, 1, 1, 1, 1, 1, 1, 1, 1, 1, 1, 1, 1, 1, 1, 1, 1, 1, 1, 1, 1, 1, 1, 1, 1, 1, 1, 1, 1, 1, 1, 1, 1, 1, 1, 1, 1, 1, 1, 1, 1, 1, 1, 1, 1, 1, 1, 1, 1, 1, 1, 1, 1, 1, 1, 1, 1, 1, 1, 1, 1, 1, 1, 1, 1, 1, 1, 1, 1, 1, 1, 1, 1, 1, 1, 1, 1, 1, 1, 1, 1, 1, 1, 1, 1, 1, 1, 1, 1, 1, 1, 1, 1, 1, 1, 1, 1, 1, 1, 1, 1, 1]
15534	genus	Nocardiopsis	3	5	6			5.33	0.47	[6, 5, 5, 5, 5]
15535	genus	Variibacter	1	1	1			1.00	0.00	[1]
15536	genus	Sulfuricella	1	2	2			2.00	0.00	[2]
15537	genus	Gramella	4	3	3			3.00	0.00	[3, 3, 3, 3]
15538	genus	Lacimicrobium	1	4	4			4.00	0.00	[4]
15539	genus	Methanothermobacter	4	2	2			2.00	0.00	[2, 2, 2, 2]
15540	genus	Collimonas	3	3	3			3.00	0.00	[3, 3, 3, 3, 3, 3, 3]
15541	genus	Thermogladius	1	1	1			1.00	0.00	[1]
15542	genus	Epibacterium	1	4	4			4.00	0.00	[4]
15543	genus	Deinococcus	15	3	5			3.43	0.60	[3, 3, 3, 4, 3, 5, 4, 3, 4, 3, 3, 3, 4, 3, 3, 4, 3]
15544	genus	Weeksella	1	5	5			5.00	0.00	[5]
15545	genus	Candidatus Korarchaeum	1	1	1			1.00	0.00	[1]
15546	genus	Candidatus Sulcia	1	1	1			1.00	0.00	[1, 1, 1, 1, 1, 1, 1, 1, 1, 1, 1, 1, 1, 1, 1, 1, 1, 1, 1, 1, 1, 1, 1, 1, 1]
15547	genus	Labrenzia	3	3	3			3.00	0.00	[3, 3, 3]
15548	genus	Limnohabitans	2	2	3			2.50	0.50	[3, 2]
15549	genus	Tistrella	1	4	4			4.00	0.00	[4]
15550	genus	Histophilus	1	5	5			5.00	0.00	[5, 5, 5, 5, 5, 5, 5, 5, 5]
15551	genus	Rhodothermus	1	1	1			1.00	0.00	[1, 1]
15552	genus	Xylanimonas	1	3	3			3.00	0.00	[3]
15553	genus	Kutzneria	1	3	3			3.00	0.00	[3]
15554	genus	Desulfallas	1	8	8			8.00	0.00	[8]
15555	genus	Arcanobacterium	1	4	4			4.00	0.00	[4, 4]
15556	genus	Microlunatus	1	1	1			1.00	0.00	[1]
15557	genus	Heliobacterium	1	10	10			10.00	0.00	[10]
15558	genus	Niastella	1	3	3			3.00	0.00	[3]
15559	genus	Crinalium	1	4	4			4.00	0.00	[4]
15560	genus	Brevibacillus	3	11	17			14.33	2.18	[12, 11, 12, 15, 14, 14, 17]
15561	genus	Blastococcus	1	3	3			3.00	0.00	[3]
15562	genus	Komagataeibacter	6	2	5			4.33	1.07	[4, 5, 5, 2, 5, 4, 4, 5, 5, 5]
15563	genus	Acidovorax	8	3	4			3.25	0.43	[4, 3, 3, 3, 3, 3, 4, 4, 4, 4, 3, 3]
15564	genus	Advenella	2	2	2			2.00	0.00	[2, 2]
15565	genus	Aurantimicrobium	3	1	1			1.00	0.00	[1, 1, 1]
15566	genus	Halocynthiibacter	1	3	3			3.00	0.00	[3]
15567	genus	Rhodoplanes	1	1	1			1.00	0.00	[1]
15568	genus	Providencia	5	7	7			7.00	0.00	[7, 7, 7, 7, 7, 7, 7, 7, 7, 7, 7, 7, 7]
15569	genus	Glaesserella	1	6	6			6.00	0.00	[6, 6, 6, 6, 6, 6, 6]
15570	genus	Aureimonas	1	1	1			1.00	0.00	[1]
15571	genus	Rhizobium	26	3	6			3.23	0.64	[3, 3, 3, 3, 3, 3, 3, 3, 3, 3, 3, 3, 3, 3, 3, 3, 3, 3, 3, 3, 4, 6, 4, 3, 3, 3, 3, 3, 3, 3, 3, 3, 3, 3, 3, 3, 3, 3, 4, 3, 3, 3, 3, 3, 3, 3, 3, 3, 3, 3, 3, 3, 3, 3, 3, 3, 3, 3, 3]
15572	genus	Leclercia	3	8	8			8.00	0.00	[8, 8, 8]
15573	genus	Klebsiella	9	7	9			7.99	0.04	[8, 8, 8, 8, 7, 8, 8, 8, 8, 8, 8, 8, 8, 8, 8, 8, 8, 8, 8, 8, 8, 8, 8, 8, 8, 8, 8, 8, 8, 8, 8, 8, 8, 8, 8, 8, 8, 8, 8, 8, 8, 8, 9, 8, 8, 8, 8, 8, 8, 8, 8, 8, 8, 8, 8, 8, 8, 8, 8, 8, 8, 8, 8, 7, 7, 8, 8, 8, 8, 8, 8, 8, 8, 8, 8, 8, 8, 8, 8, 8, 8, 8, 8, 8, 8, 8, 8, 8, 8, 8, 8, 8, 8, 8, 8, 8, 8, 8, 8, 8, 8, 8, 8, 8, 8, 8, 8, 8, 8, 8, 8, 8, 8, 8, 8, 8, 8, 8, 8, 8, 8, 8, 8, 8, 8, 8, 8, 8, 8, 8, 8, 8, 8, 8, 8, 8, 8, 8, 8, 8, 8, 8, 8, 8, 8, 8, 8, 8, 8, 8, 8, 8, 8, 8, 8, 8, 8, 8, 8, 8, 8, 8, 8, 8, 8, 8, 8, 8, 8, 8, 8, 8, 8, 8, 8, 8, 8, 8, 8, 8, 8, 8, 8, 8, 8, 8, 8, 8, 8, 8, 8, 8, 8, 8, 8, 8, 8, 8, 8, 8, 8, 8, 8, 8, 8, 8, 8, 8, 8, 8, 8, 8, 8, 8, 8, 8, 8, 8, 8, 8, 8, 8, 8, 8, 8, 8, 8, 8, 8, 8, 8, 8, 8, 8, 8, 8, 9, 8, 8, 8, 8, 8, 8, 8, 8, 8, 8, 8, 8, 8, 8, 8, 8, 8, 8, 8, 8, 8, 8, 8, 8, 8, 8, 8, 8, 8, 8, 8, 8, 8, 8, 8, 8, 8, 8, 8, 8, 8, 8, 8, 8, 8, 8, 8, 8, 8, 8, 8, 8, 8, 8, 8, 8, 8, 8, 8, 8, 8, 8, 8, 8, 8, 8, 8, 8, 8, 8, 8, 8, 8, 8]
15574	genus	Geodermatophilus	1	3	3			3.00	0.00	[3]
15575	genus	Zymomonas	1	2	3			2.83	0.00	[3, 3, 2, 3, 3, 2, 3, 3, 3, 3, 3, 3]
15576	genus	Dietzia	5	2	4			3.00	0.89	[3, 4, 4, 2, 2]
15577	genus	Nitrospirillum	1	5	5			5.00	0.00	[5]
15578	genus	Rhodoluna	2	1	1			1.00	0.00	[1, 1]
15579	genus	Oenococcus	1	2	2			2.00	0.00	[2, 2]
15580	genus	Myxococcus	5	3	4			3.60	0.49	[4, 4, 3, 3, 4, 3]
15581	genus	Picrophilus	1	1	1			1.00	0.00	[1]
15582	genus	Ehrlichia	5	1	1			1.00	0.00	[1, 1, 1, 1, 1, 1, 1, 1, 1, 1, 1, 1, 1, 1, 1]
15583	genus	Herminiimonas	2	2	2			2.00	0.00	[2, 2]
15584	genus	Chlorobium	4	1	2			1.50	0.50	[1, 1, 2, 2, 2]
15585	genus	Winogradskyella	2	2	2			2.00	0.00	[2, 2]
15586	genus	Brenneria	1	7	7			7.00	0.00	[7]
15587	genus	Muribaculum	1	4	4			4.00	0.00	[4]
15588	genus	Desulfobacterium	1	6	6			6.00	0.00	[6]
15589	genus	Fluviicola	1	2	2			2.00	0.00	[2]
15590	genus	Herbinix	1	4	4			4.00	0.00	[4]
15591	genus	Acidilobus	2	1	1			1.00	0.00	[1, 1]
15592	genus	Sphingobacterium	5	4	8			6.00	1.67	[8, 4, 7, 4, 7]
15593	genus	Candidatus Solibacter	1	2	2			2.00	0.00	[2]
15594	genus	Bartonella	16	2	3			2.06	0.24	[2, 2, 2, 2, 2, 2, 2, 2, 2, 2, 2, 2, 2, 2, 2, 2, 2, 2, 3, 2, 2, 2, 2, 2, 2]
15595	genus	Aerococcus	6	4	7			4.75	1.15	[7, 4, 4, 4, 4, 6, 5, 4]
15596	genus	Denitrobacterium	1	3	3			3.00	0.00	[3]
15597	genus	Desulfurella	2	2	2			2.00	0.00	[2, 2, 2]
15598	genus	Wolbachia	10	1	1			1.00	0.00	[1, 1, 1, 1, 1, 1, 1, 1, 1, 1, 1, 1]
15599	genus	Caldisphaera	1	1	1			1.00	0.00	[1]
15600	genus	Candidatus Nitrosomarinus	1	1	1			1.00	0.00	[1]
15601	genus	Delftia	4	5	5			5.00	0.00	[5, 5, 5, 5]
15602	genus	Psychromicrobium	1	2	2			2.00	0.00	[2]
15603	genus	Aeribacillus	1	7	7			7.00	0.00	[7]
15604	genus	Paenarthrobacter	1	6	6			6.00	0.00	[6]
15605	genus	Propionimicrobium	1	2	2			2.00	0.00	[2]
15606	genus	Faecalibacterium	1	6	6			6.00	0.00	[6, 6, 6, 6]
15607	genus	Caldithrix	1	1	1			1.00	0.00	[1]
15608	genus	Peptoclostridium	2	7	15			11.00	4.00	[7, 15]
15609	genus	Halorientalis	1	2	2			2.00	0.00	[2]
15610	genus	Oscillatoria	2	2	3			2.50	0.50	[3, 2]
15611	genus	Azospirillum	5	7	10			9.10	0.66	[9, 7, 9, 9, 9, 10, 9, 10]
15612	genus	Salinibacterium	1	2	2			2.00	0.00	[2]
15613	genus	Jeongeupia	1	5	5			5.00	0.00	[5]
15614	genus	Thiolapillus	1	1	1			1.00	0.00	[1]
15615	genus	Oblitimonas	1	3	5			4.33	0.00	[5, 3, 5, 4, 4, 5]
15616	genus	Pseudarcicella	1	3	3			3.00	0.00	[3]
15617	genus	Terribacillus	1	8	8			8.00	0.00	[8]
15618	genus	Haloquadratum	1	2	2			2.00	0.00	[2, 2]
15619	genus	Methanohalophilus	2	1	3			2.00	1.00	[3, 1]
15620	genus	Haliscomenobacter	1	2	2			2.00	0.00	[2]
15621	genus	Erwinia	8	1	7			6.25	1.98	[7, 7, 1, 7, 7, 7, 7, 7, 7, 7, 7]
15622	genus	Thermoanaerobacterium	3	5	5			5.00	0.00	[5, 5, 5, 5, 5]
15623	genus	Auricoccus	1	4	4			4.00	0.00	[4]
15624	genus	Thioalkalivibrio	5	1	1			1.00	0.00	[1, 1, 1, 1, 1]
15625	genus	Methanosphaera	2	2	4			3.00	1.00	[2, 4]
15626	genus	Candidatus Hamiltonella	1	3	3			3.00	0.00	[3]
15627	genus	Methanosalsum	1	3	3			3.00	0.00	[3]
15628	genus	Candidatus Methanomethylophilus	1	1	1			1.00	0.00	[1]
15629	genus	Lachnoclostridium	5	4	8			5.60	1.36	[6, 5, 4, 8, 5]
15630	genus	Christensenella	1	3	3			3.00	0.00	[3]
15631	genus	Candidatus Puniceispirillum	1	1	1			1.00	0.00	[1]
15632	genus	Oceanithermus	1	2	2			2.00	0.00	[2]
15633	genus	Gloeocapsa	1	2	2			2.00	0.00	[2]
15634	genus	Anabaena	3	4	5			4.67	0.47	[4, 5, 5]
15635	genus	Methanocaldococcus	6	2	2			2.00	0.00	[2, 2, 2, 2, 2, 2]
15636	genus	Atopobium	1	1	1			1.00	0.00	[1]
15637	genus	Nitrosospira	3	1	1			1.00	0.00	[1, 1, 1]
15638	genus	Alistipes	1	2	2			2.00	0.00	[2]
15639	genus	Haemophilus	7	6	7			6.00	0.01	[6, 6, 6, 6, 6, 6, 6, 6, 6, 6, 7, 6, 6, 6, 6, 6, 6, 6, 6, 6, 6, 6, 6, 6, 6, 6, 6, 6, 6, 6, 6, 6, 6, 6, 6, 6, 6, 6, 6, 6, 6, 6, 6, 6, 6, 6, 6, 6, 6, 6, 6, 6, 6, 6, 6, 6, 6, 6, 6, 6, 6, 6, 6, 6, 6, 6, 6, 6, 6, 6, 6, 6, 6, 6, 6, 6, 6, 6]
15640	genus	Tetragenococcus	1	5	5			5.00	0.00	[5, 5, 5]
15641	genus	Nitratifractor	1	2	2			2.00	0.00	[2]
15642	genus	Ferroplasma	2	1	1			1.00	0.00	[1, 1]
15643	genus	Magnetospira	1	2	2			2.00	0.00	[2]
15644	genus	Snodgrassella	1	4	4			4.00	0.00	[4]
15645	genus	Entomoplasma	4	1	2			1.50	0.50	[2, 1, 1, 2]
15646	genus	Desulfobacca	1	1	1			1.00	0.00	[1]
15647	genus	Prauserella	1	3	3			3.00	0.00	[3]
15648	genus	Thermoclostridium	1	3	3			3.00	0.00	[3, 3, 3, 3]
15649	genus	Shigella	2	7	7			7.00	0.00	[7, 7]
15650	genus	Pasteurella	2	1	6			5.92	0.08	[6, 6, 6, 6, 6, 6, 6, 6, 6, 6, 6, 6, 6, 6, 6, 6, 6, 6, 6, 6, 6, 6, 6, 6, 6, 6, 6, 6, 6, 6, 6, 5, 6, 6, 6, 5, 6, 1, 6, 6, 6, 6, 6, 6, 6]
15651	genus	Algoriphagus	1	3	3			3.00	0.00	[3]
15652	genus	Singulisphaera	1	8	8			8.00	0.00	[8]
15653	genus	Lactobacillus	57	1	11			5.02	1.31	[1, 6, 4, 4, 5, 5, 5, 5, 5, 5, 5, 5, 5, 5, 5, 5, 5, 5, 5, 1, 5, 5, 6, 6, 6, 5, 8, 4, 7, 7, 4, 4, 4, 4, 4, 4, 4, 5, 5, 5, 4, 4, 4, 6, 4, 4, 4, 7, 7, 7, 7, 7, 5, 5, 5, 5, 5, 5, 5, 5, 5, 5, 5, 5, 5, 5, 5, 5, 5, 5, 5, 5, 5, 5, 5, 5, 5, 5, 5, 5, 5, 5, 5, 5, 5, 5, 5, 5, 5, 5, 5, 5, 5, 5, 5, 5, 4, 5, 5, 5, 5, 5, 5, 5, 5, 5, 5, 5, 5, 5, 5, 5, 5, 5, 4, 4, 5, 4, 5, 5, 7, 4, 5, 5, 5, 5, 5, 5, 5, 5, 5, 5, 5, 5, 5, 5, 5, 4, 5, 5, 5, 5, 5, 5, 5, 5, 5, 5, 5, 5, 6, 4, 6, 4, 4, 5, 5, 4, 5, 5, 5, 5, 5, 5, 5, 5, 5, 5, 8, 5, 5, 5, 4, 6, 6, 5, 4, 6, 5, 5, 4, 4, 4, 4, 4, 4, 4, 4, 6, 4, 6, 6, 6, 6, 6, 6, 6, 6, 5, 5, 5, 5, 5, 6, 6, 6, 6, 6, 6, 6, 6, 6, 6, 6, 9, 9, 9, 9, 8, 11, 10, 8, 9, 8, 9, 9, 9, 9, 9, 9, 9, 9, 5, 5, 5, 5, 5, 5, 5, 5, 1, 5, 5, 5, 5, 7, 7, 7, 7, 7, 7, 7, 4, 4, 5, 7, 7, 8, 5, 5, 7, 7, 7, 7, 7, 7, 7, 7, 3, 4, 4, 5]
15654	genus	Porphyrobacter	3	1	2			1.33	0.47	[2, 1, 1]
15655	genus	Stanieria	2	2	2			2.00	0.00	[2, 2]
15656	genus	Desulfosporosinus	3	8	11			9.33	1.25	[11, 9, 8]
15657	genus	Thermoproteus	2	1	1			1.00	0.00	[1, 1, 1]
15658	genus	Desulfurobacterium	1	2	2			2.00	0.00	[2]
15659	genus	Actinopolyspora	1	5	5			5.00	0.00	[5]
15660	genus	Candidatus Paracaedibacter	1	2	2			2.00	0.00	[2]
15661	genus	Cyanobium	2	2	3			2.50	0.50	[2, 3]
15662	genus	Paraphotobacterium	1	9	9			9.00	0.00	[9]
15663	genus	Ignavibacterium	1	1	1			1.00	0.00	[1]
15664	genus	Runella	2	2	3			2.50	0.50	[2, 3]
15665	genus	Paucimonas	1	5	5			5.00	0.00	[5]
15666	genus	Pyrolobus	1	1	1			1.00	0.00	[1]
15667	genus	Nitrosopumilus	2	1	1			1.00	0.00	[1, 1]
15668	genus	Pyrodictium	1	1	1			1.00	0.00	[1]
15669	genus	Idiomarina	4	4	4			4.00	0.00	[4, 4, 4, 4, 4]
15670	genus	Flavonifractor	1	2	2			2.00	0.00	[2]
15671	genus	Wigglesworthia	1	2	2			2.00	0.00	[2, 2]
15672	genus	Gemmatimonas	2	1	2			1.50	0.50	[1, 2]
15673	genus	Aciduliprofundum	2	1	1			1.00	0.00	[1, 1]
15674	genus	Immundisolibacter	1	1	1			1.00	0.00	[1]
15675	genus	Chlorobaculum	3	2	2			2.00	0.00	[2, 2, 2]
15676	genus	Caldilinea	1	2	2			2.00	0.00	[2]
15677	genus	Sphingomonas	15	1	4			2.20	0.65	[2, 4, 2, 2, 2, 3, 2, 2, 2, 2, 3, 2, 2, 2, 1, 2, 2]
15678	genus	Lactococcus	4	4	7			4.74	0.81	[4, 5, 5, 5, 4, 6, 6, 6, 6, 6, 6, 6, 6, 6, 6, 6, 6, 6, 6, 6, 6, 5, 6, 6, 6, 7, 6, 6, 6, 6, 6, 6, 6, 6, 6, 5, 5, 6, 6, 6, 6]
15679	genus	Aquifex	2	2	6			4.00	2.00	[2, 6]
15680	genus	Mahella	1	3	3			3.00	0.00	[3]
15681	genus	Rufibacter	3	2	4			3.00	0.82	[4, 3, 2]
15682	genus	Devosia	3	2	2			2.00	0.00	[2, 2, 2]
15683	genus	Pluralibacter	2	7	7			7.00	0.00	[7, 7, 7, 7]
15684	genus	Ammonifex	1	2	2			2.00	0.00	[2]
15685	genus	Thermodesulfobacterium	2	1	1			1.00	0.00	[1, 1]
15686	genus	Sandaracinus	1	2	2			2.00	0.00	[2]
15687	genus	Blastochloris	1	3	3			3.00	0.00	[3, 3, 3]
15688	genus	Tolumonas	1	8	8			8.00	0.00	[8]
15689	genus	Amphibacillus	1	6	6			6.00	0.00	[6]
15690	genus	Acetohalobium	1	5	5			5.00	0.00	[5]
15691	genus	Acidianus	4	1	1			1.00	0.00	[1, 1, 1, 1]
15692	genus	Geoalkalibacter	1	3	3			3.00	0.00	[3]
15693	genus	Eubacterium	3	5	8			6.00	1.41	[5, 5, 5, 5, 8]
15694	genus	Pseudarthrobacter	3	4	5			4.67	0.47	[5, 5, 4]
15695	genus	Thermococcus	28	1	1			1.00	0.00	[1, 1, 1, 1, 1, 1, 1, 1, 1, 1, 1, 1, 1, 1, 1, 1, 1, 1, 1, 1, 1, 1, 1, 1, 1, 1, 1, 1, 1, 1]
15696	genus	Paracoccus	10	2	4			2.60	0.66	[3, 2, 3, 3, 3, 2, 2, 4, 3, 2, 2]
15697	genus	Agarilytica	1	3	3			3.00	0.00	[3]
15698	genus	Actinotignum	2	2	3			2.50	0.50	[2, 3]
15699	genus	Spirochaeta	3	2	3			2.50	0.41	[3, 2, 2, 2, 3]
15700	genus	Flavobacterium	18	1	13			4.63	1.44	[6, 6, 6, 6, 6, 6, 1, 1, 1, 1, 6, 7, 6, 5, 3, 3, 3, 5, 3, 4, 3, 5, 4, 13, 6, 7, 4, 5, 6, 6, 3]
15701	genus	Marinitoga	2	3	3			3.00	0.00	[3, 3]
15702	genus	Kribbella	1	2	2			2.00	0.00	[2]
15703	genus	Ruminococcus	2	4	4			4.00	0.00	[4, 4]
15704	genus	Candidatus Methylopumilus	2	1	2			1.50	0.50	[2, 1]
15705	genus	Flavisolibacter	1	3	3			3.00	0.00	[3]
15706	genus	Oscillibacter	1	3	3			3.00	0.00	[3]
15707	genus	Acidiferrobacter	1	1	1			1.00	0.00	[1]
15708	genus	Thermotoga	10	1	1			1.00	0.00	[1, 1, 1, 1, 1, 1, 1, 1, 1, 1, 1, 1, 1, 1, 1]
15709	genus	Enterobacter	23	6	10			7.94	0.63	[8, 9, 8, 8, 7, 8, 8, 10, 7, 8, 8, 8, 8, 7, 8, 8, 8, 8, 8, 8, 8, 8, 8, 8, 8, 8, 8, 8, 8, 8, 8, 8, 6, 8, 8, 8, 8, 8, 8, 8, 7, 8, 8, 8, 8, 8, 8, 8, 8, 8, 8, 8, 8, 8, 8, 8, 8, 8, 8, 8, 8, 8, 8, 8, 8, 8, 7, 8, 8, 8, 8, 8, 8, 8, 8, 8, 8, 8, 7, 8, 8, 8, 8]
15710	genus	Nitrobacter	2	1	1			1.00	0.00	[1, 1]
15711	genus	Gemmatirosa	1	2	2			2.00	0.00	[2]
15712	genus	Thiocystis	1	3	3			3.00	0.00	[3]
15713	genus	Piscirickettsia	1	6	6			6.00	0.00	[6, 6, 6, 6, 6, 6, 6, 6, 6, 6, 6, 6, 6, 6, 6, 6, 6, 6, 6]
15714	genus	Leptospira	7	2	2			2.00	0.00	[2, 2, 2, 2, 2, 2, 2, 2, 2, 2, 2, 2, 2, 2, 2, 2, 2, 2, 2, 2, 2, 2, 2, 2, 2, 2, 2, 2]
15715	genus	Desulfurococcus	3	1	1			1.00	0.00	[1, 1, 1, 1]
15716	genus	Polynucleobacter	5	1	1			1.00	0.00	[1, 1, 1, 1, 1, 1, 1, 1, 1, 1, 1, 1, 1, 1, 1]
15717	genus	Akkermansia	2	3	3			3.00	0.00	[3, 3, 3]
15718	genus	Microbulbifer	4	3	5			3.75	0.83	[3, 4, 3, 5]
15719	genus	Propionibacterium	2	2	3			2.50	0.50	[3, 2, 2, 2, 2, 2, 2, 2, 2, 2, 2, 2, 2, 2, 2, 2, 2]
15720	genus	Actinoplanes	5	3	6			5.00	1.26	[6, 3, 6, 6, 6, 4]
15721	genus	Lawsonia	1	2	2			2.00	0.00	[2, 2]
15722	genus	Candidatus Nitrosopelagicus	1	1	1			1.00	0.00	[1]
15723	genus	Halalkalicoccus	1	1	1			1.00	0.00	[1]
15724	genus	Chondrocystis	1	3	3			3.00	0.00	[3]
15725	genus	Phenylobacterium	2	1	1			1.00	0.00	[1, 1]
15726	genus	Arachidicoccus	1	1	1			1.00	0.00	[1]
15727	genus	Leadbetterella	1	3	3			3.00	0.00	[3]
15728	genus	Kibdelosporangium	1	3	3			3.00	0.00	[3]
15729	genus	Elizabethkingia	5	4	5			4.80	0.40	[5, 5, 5, 5, 5, 5, 5, 5, 5, 5, 5, 5, 5, 5, 5, 5, 5, 5, 4, 4, 4, 4, 5, 5, 5, 5]
15730	genus	Serratia	16	6	8			6.96	0.26	[7, 6, 7, 7, 7, 7, 7, 7, 7, 7, 7, 7, 7, 7, 7, 7, 7, 7, 7, 7, 7, 7, 7, 7, 7, 7, 7, 7, 7, 7, 7, 7, 7, 7, 7, 7, 7, 7, 8, 7, 7, 7, 7, 7, 7, 7, 7, 7, 7, 7, 7, 7, 7, 7, 7, 7, 7, 7, 7]
15731	genus	Hydrogenovibrio	1	3	3			3.00	0.00	[3]
15732	genus	Arsenicicoccus	1	2	2			2.00	0.00	[2]
15733	genus	Flexistipes	1	2	2			2.00	0.00	[2]
15734	genus	Parasaccharibacter	1	1	1			1.00	0.00	[1]
15735	genus	Trueperella	1	1	3			2.17	0.00	[2, 1, 2, 2, 3, 3]
15736	genus	Desulfotomaculum	4	5	9			7.50	1.50	[5, 8, 8, 9]
15737	genus	Thermaerobacter	1	2	2			2.00	0.00	[2]
15738	genus	Steroidobacter	1	1	1			1.00	0.00	[1]
15739	genus	Nodularia	1	4	4			4.00	0.00	[4, 4]
15740	genus	Plesiomonas	1	11	13			12.00	0.00	[13, 11]
15741	genus	Pseudomonas	88	1	9			5.60	1.09	[6, 5, 5, 5, 6, 6, 5, 6, 7, 5, 7, 4, 9, 7, 6, 5, 6, 5, 6, 5, 6, 4, 5, 5, 5, 5, 5, 5, 5, 4, 5, 5, 5, 5, 5, 5, 5, 6, 6, 7, 7, 5, 5, 6, 5, 6, 5, 5, 5, 5, 5, 5, 5, 5, 5, 5, 5, 5, 5, 5, 6, 7, 4, 4, 4, 4, 4, 4, 4, 4, 4, 4, 4, 4, 4, 4, 4, 4, 4, 4, 4, 4, 4, 4, 4, 4, 4, 6, 5, 5, 5, 5, 5, 5, 5, 5, 5, 5, 5, 5, 5, 5, 5, 5, 5, 5, 5, 5, 5, 5, 7, 7, 6, 7, 6, 5, 5, 6, 5, 6, 6, 6, 6, 6, 6, 6, 5, 5, 1, 1, 5, 6, 6, 5, 6, 7, 7, 7, 7, 5, 5, 5, 6, 7, 7, 6, 7, 4, 4, 4, 4, 4, 4, 4, 4, 4, 4, 8, 4, 4, 4, 4, 4, 4, 4, 1, 4, 4, 4, 4, 4, 4, 4, 4, 4, 4, 4, 4, 4, 4, 4, 4, 4, 4, 4, 4, 4, 4, 4, 4, 4, 4, 4, 4, 4, 4, 4, 4, 4, 4, 4, 4, 4, 4, 4, 4, 4, 4, 4, 4, 4, 4, 4, 4, 4, 4, 4, 4, 4, 4, 4, 4, 4, 4, 4, 4, 4, 4, 4, 4, 4, 4, 4, 4, 4, 4, 4, 4, 4, 4, 4, 4, 4, 4, 4, 4, 4, 4, 4, 4, 4, 4, 4, 4, 4, 4, 4, 4, 4, 4, 4, 4, 4, 4, 4, 4, 4, 4, 4, 4, 4, 4, 4, 4, 4, 4, 4, 4, 4, 4, 4, 4, 4, 4, 4, 4, 6, 6, 6, 7, 6, 7, 7, 7, 6, 8, 6, 6, 7, 5, 7, 6, 7, 5, 7, 6, 6, 7, 7, 7, 7, 7, 6, 6, 6, 6, 6, 5, 5, 6, 6, 3, 4, 6, 3, 4, 4, 4, 4, 4, 6, 6, 7, 7, 8, 7, 5, 5, 8, 5, 5, 4, 4, 4, 4, 5, 5, 7, 4, 5, 4, 7, 6, 4, 7, 7, 6, 6, 7, 6]
15742	genus	Cyclobacterium	2	3	4			3.50	0.50	[3, 4]
15743	genus	Desulfuromonas	2	2	2			2.00	0.00	[2, 2]
15744	genus	Gemmata	2	3	5			4.00	1.00	[3, 5]
15745	genus	Halothece	1	3	3			3.00	0.00	[3]
15746	genus	Labilithrix	1	4	4			4.00	0.00	[4]
15747	genus	Aneurinibacillus	2	11	17			14.00	3.00	[17, 11]
15748	genus	Caldimicrobium	1	1	1			1.00	0.00	[1]
15749	genus	Thiomicrospira	2	2	2			2.00	0.00	[2, 2]
15750	genus	Agromyces	2	2	3			2.50	0.50	[3, 2]
15751	genus	Hoeflea	1	1	1			1.00	0.00	[1]
15752	genus	Mariniflexile	1	2	2			2.00	0.00	[2]
15753	genus	Hydrogenophaga	3	1	2			1.67	0.47	[2, 1, 2]
15754	genus	Paenibacillus	37	6	15			10.21	1.75	[15, 12, 13, 14, 12, 13, 15, 14, 11, 12, 13, 14, 9, 8, 8, 8, 8, 8, 8, 8, 8, 8, 8, 9, 10, 9, 10, 13, 10, 10, 12, 10, 10, 9, 9, 11, 10, 9, 10, 9, 10, 10, 13, 14, 13, 11, 6, 11, 10, 9, 9, 13, 10, 12, 12, 10, 8, 10, 10]
15755	genus	Novosphingobium	6	3	5			3.33	0.75	[3, 3, 3, 3, 5, 3]
15756	genus	Melioribacter	1	1	1			1.00	0.00	[1]
15757	genus	Deferribacter	1	2	2			2.00	0.00	[2]
15758	genus	Neisseria	14	1	5			3.72	0.80	[3, 4, 4, 1, 4, 4, 4, 4, 4, 4, 4, 4, 4, 4, 4, 4, 4, 4, 4, 4, 4, 4, 4, 4, 4, 4, 4, 4, 4, 4, 4, 4, 4, 4, 4, 4, 4, 4, 4, 4, 4, 4, 4, 4, 4, 4, 4, 4, 4, 5, 4, 5, 4, 4, 4, 4, 4, 4, 4, 4, 4, 4, 4, 4, 4, 4, 4, 4, 4, 4, 4, 4, 4, 4, 4, 4, 4, 4, 4, 4, 4, 4, 4, 4, 4, 4, 4, 4, 4, 4, 4, 4, 4, 4, 4, 4, 4, 4, 4, 4, 4, 4, 4, 4, 4, 4, 4, 4, 4, 4, 4, 4, 4, 4, 4, 4, 4, 4, 4, 4, 4, 4, 4]
15759	genus	Flavivirga	1	2	2			2.00	0.00	[2]
15760	genus	Mesorhizobium	8	2	2			2.00	0.00	[2, 2, 2, 2, 2, 2, 2, 2, 2, 2]
15761	genus	Beggiatoa	1	2	2			2.00	0.00	[2, 2]
15762	genus	Halorhabdus	2	1	1			1.00	0.00	[1, 1]
15763	genus	Terriglobus	6	1	2			1.17	0.37	[1, 1, 1, 2, 2, 2, 2, 1, 1]
15764	genus	Caldivirga	1	1	1			1.00	0.00	[1]
15765	genus	Neorhizobium	2	3	4			3.50	0.50	[3, 3, 4]
15766	genus	Methylovulum	1	1	1			1.00	0.00	[1]
15767	genus	Acaryochloris	1	2	2			2.00	0.00	[2]
15768	genus	Persicobacter	1	3	3			3.00	0.00	[3]
15769	genus	Leptotrichia	4	4	5			4.75	0.43	[4, 5, 5, 5]
15770	genus	Jonesia	1	5	5			5.00	0.00	[5, 5, 5]
15771	genus	Candidatus Fokinia	1	1	1			1.00	0.00	[1]
15772	genus	Sinomonas	1	4	4			4.00	0.00	[4]
15773	genus	Microvirga	2	3	4			3.50	0.50	[4, 3]
15774	genus	Sporosarcina	5	7	10			8.60	0.80	[8, 9, 7, 8, 8, 9, 10, 8]
15775	genus	Halotalea	1	6	6			6.00	0.00	[6]
15776	genus	Yersinia	13	6	9			6.99	0.13	[7, 7, 7, 7, 7, 7, 7, 7, 7, 7, 7, 7, 7, 7, 7, 7, 7, 7, 7, 7, 7, 6, 7, 7, 7, 7, 6, 6, 6, 7, 6, 6, 7, 7, 6, 6, 6, 6, 7, 7, 7, 7, 7, 7, 7, 7, 7, 7, 6, 7, 6, 6, 7, 7, 7, 7, 7, 7, 7, 7, 9, 9, 7, 7, 7, 7, 7, 7, 7, 7, 7, 7, 7, 7, 7, 7, 7, 7, 7, 7]
15777	genus	Flagellimonas	1	2	2			2.00	0.00	[2]
15778	genus	Candidatus Desulforudis	1	2	2			2.00	0.00	[2]
15779	genus	Sulfurifustis	1	1	1			1.00	0.00	[1]
15780	genus	Halobiforma	1	3	3			3.00	0.00	[3]
15781	genus	Halostagnicola	1	2	2			2.00	0.00	[2]
15782	genus	Yangia	2	5	5			5.00	0.00	[5, 5]
15783	genus	Fischerella	1	4	4			4.00	0.00	[4]
15784	genus	Vulgatibacter	1	3	3			3.00	0.00	[3]
15785	genus	Granulibacter	1	3	3			3.00	0.00	[3, 3, 3, 3, 3, 3, 3, 3, 3, 3]
15786	genus	Acidaminococcus	2	3	6			4.50	1.50	[6, 3]
15787	genus	Paludibacter	1	3	3			3.00	0.00	[3]
15788	genus	Salinispora	2	3	3			3.00	0.00	[3, 3]
15789	genus	Alkalitalea	1	4	4			4.00	0.00	[4]
15790	genus	Exiguobacterium	6	9	10			9.17	0.37	[9, 9, 9, 10, 9, 9]
15791	genus	Jannaschia	1	1	1			1.00	0.00	[1]
15792	genus	Candidatus Cardinium	3	1	1			1.00	0.00	[1, 1, 1]
15793	genus	Kineococcus	1	4	4			4.00	0.00	[4]
15794	genus	Odoribacter	1	4	4			4.00	0.00	[4, 4]
15795	genus	Sedimenticola	1	2	2			2.00	0.00	[2]
15796	genus	Pelobacter	4	2	4			3.25	0.83	[4, 3, 2, 4]
15797	genus	Mycolicibacterium	13	2	2			2.00	0.00	[2, 2, 2, 2, 2, 2, 2, 2, 2, 2, 2, 2, 2, 2, 2, 2, 2, 2, 2, 2, 2]
15798	genus	Prosthecochloris	4	1	2			1.75	0.43	[2, 2, 2, 1]
15799	genus	Sinorhizobium	6	2	3			2.99	0.01	[3, 3, 3, 3, 3, 3, 3, 3, 3, 3, 3, 3, 3, 2, 3, 3, 3, 3, 3, 3, 3, 3, 3, 3, 3, 3, 3, 3, 3, 3, 3, 3, 3, 3]
15800	genus	Microcella	1	1	1			1.00	0.00	[1]
15801	genus	Lacunisphaera	1	1	1			1.00	0.00	[1]
15802	genus	Sanguibacter	1	4	4			4.00	0.00	[4]
15803	genus	Verrucosispora	1	3	3			3.00	0.00	[3]
15804	genus	Allofrancisella	1	3	3			3.00	0.00	[3]
15805	genus	Alicycliphilus	1	3	3			3.00	0.00	[3, 3]
15806	genus	Simonsiella	1	5	5			5.00	0.00	[5]
15807	genus	Stackebrandtia	1	2	2			2.00	0.00	[2]
15808	genus	Geoglobus	2	1	1			1.00	0.00	[1, 1]
15809	genus	Mucilaginibacter	3	2	3			2.67	0.47	[3, 3, 2]
15810	genus	Coriobacterium	1	2	2			2.00	0.00	[2]
15811	genus	Maritalea	1	2	2			2.00	0.00	[2]
15812	genus	Colwellia	6	6	9			7.00	1.41	[6, 9, 6, 6, 9, 6]
15813	genus	Pseudorhodoplanes	1	1	1			1.00	0.00	[1]
15814	genus	Carboxydocella	1	5	5			5.00	0.00	[5, 5]
15815	genus	Candidatus Planktophila	6	1	1			1.00	0.00	[1, 1, 1, 1, 1, 1, 1, 1, 1, 1, 1, 1, 1]
15816	genus	Turneriella	1	2	2			2.00	0.00	[2]
15817	genus	Thermacetogenium	1	3	3			3.00	0.00	[3]
15818	genus	Thiobacillus	1	2	2			2.00	0.00	[2]
15819	genus	Erythrobacter	8	1	2			1.25	0.43	[1, 1, 2, 1, 1, 2, 1, 1, 1]
15820	genus	Oleispira	1	5	5			5.00	0.00	[5]
15821	genus	Marinilactibacillus	1	4	4			4.00	0.00	[4]
15822	genus	Candidatus Koribacter	1	1	1			1.00	0.00	[1]
15823	genus	Hyperthermus	1	1	1			1.00	0.00	[1]
15824	genus	Fervidobacterium	3	2	2			2.00	0.00	[2, 2, 2, 2]
15825	genus	Isosphaera	1	3	3			3.00	0.00	[3]
15826	genus	Fimbriimonas	1	2	2			2.00	0.00	[2]
15827	genus	Starkeya	1	1	1			1.00	0.00	[1]
15828	genus	Truepera	1	2	2			2.00	0.00	[2]
15829	genus	Cycloclasticus	3	1	2			1.33	0.47	[1, 1, 2]
15830	genus	Desulfurispirillum	1	3	3			3.00	0.00	[3]
15831	genus	Rathayibacter	2	2	2			2.00	0.00	[2, 2, 2]
15832	genus	Parageobacillus	1	10	10			10.00	0.00	[10, 10, 10, 10]
15833	genus	Malacobacter	2	6	6			6.00	0.00	[6, 6]
15834	genus	Microbacterium	14	1	3			2.00	0.38	[2, 2, 3, 2, 2, 1, 2, 2, 2, 2, 2, 2, 2, 2]
15835	genus	Pectobacterium	5	7	7			7.00	0.00	[7, 7, 7, 7, 7, 7, 7, 7, 7, 7, 7, 7, 7, 7, 7, 7]
15836	genus	Cellulosilyticum	1	11	11			11.00	0.00	[11]
15837	genus	Methylophilus	1	2	2			2.00	0.00	[2]
15838	genus	Aromatoleum	1	4	4			4.00	0.00	[4]
15839	genus	Pseudoxanthomonas	2	1	2			1.25	0.25	[1, 2, 1]
15840	genus	Sphingopyxis	9	1	2			1.11	0.31	[1, 1, 1, 1, 1, 1, 1, 1, 1, 1, 2]
15841	genus	Anderseniella	1	1	1			1.00	0.00	[1]
15842	genus	Fictibacillus	2	7	7			7.00	0.00	[7, 7]
15843	genus	Negativicoccus	1	4	4			4.00	0.00	[4]
15844	genus	Moorea	1	2	2			2.00	0.00	[2]
15845	genus	Carnobacterium	4	6	8			7.50	0.87	[8, 8, 8, 6]
15846	genus	Phaeobacter	5	4	4			4.00	0.00	[4, 4, 4, 4, 4, 4, 4, 4, 4, 4, 4, 4, 4, 4, 4, 4, 4, 4, 4, 4, 4, 4, 4, 4, 4, 4, 4, 4, 4, 4, 4, 4, 4, 4, 4, 4, 4, 4, 4]
15847	genus	Candidatus Izimaplasma	1	1	1			1.00	0.00	[1]
15848	genus	Variovorax	4	2	3			2.25	0.43	[2, 2, 2, 2, 2, 3]
15849	genus	Endomicrobium	2	1	1			1.00	0.00	[1, 1]
15850	genus	Brevefilum	1	1	1			1.00	0.00	[1]
15851	genus	Magnetococcus	1	3	3			3.00	0.00	[3]
15852	genus	Magnetospirillum	4	2	2			2.00	0.00	[2, 2, 2, 2, 2, 2]
15853	genus	Scardovia	1	2	2			2.00	0.00	[2]
15854	genus	Dactylococcopsis	1	3	3			3.00	0.00	[3]
15855	genus	Bosea	4	1	2			1.75	0.43	[2, 2, 2, 1]
15856	genus	Caldanaerobacter	1	4	4			4.00	0.00	[4]
15857	genus	Candidatus Cloacimonas	1	2	2			2.00	0.00	[2]
15858	genus	Halobacteroides	1	5	5			5.00	0.00	[5]
15859	genus	Aliivibrio	3	7	12			10.33	2.36	[12, 12, 7]
15860	genus	Listeria	6	1	6			5.94	0.14	[6, 6, 6, 6, 6, 6, 5, 6, 5, 6, 6, 5, 6, 6, 5, 6, 6, 6, 6, 6, 6, 6, 6, 6, 6, 6, 6, 6, 6, 6, 6, 6, 5, 6, 6, 6, 6, 5, 6, 5, 5, 5, 5, 5, 5, 6, 6, 4, 6, 6, 5, 6, 6, 6, 6, 6, 6, 6, 6, 6, 6, 6, 6, 6, 6, 6, 6, 6, 5, 6, 6, 6, 6, 6, 6, 5, 6, 6, 6, 6, 6, 6, 6, 6, 6, 6, 6, 6, 5, 6, 5, 4, 3, 6, 6, 6, 6, 6, 6, 6, 6, 6, 6, 6, 6, 6, 6, 6, 5, 5, 5, 5, 5, 5, 5, 5, 5, 5, 5, 5, 5, 5, 5, 5, 5, 5, 5, 5, 5, 5, 5, 5, 5, 5, 5, 5, 5, 5, 5, 6, 6, 6, 6, 6, 6, 6, 6, 6, 6, 6, 5, 6, 6, 6, 6, 6, 6, 6, 6, 6, 6, 6, 6, 1, 6, 6, 6, 6, 6, 6, 6, 6, 6, 6, 6, 6, 6]
15861	genus	Methanococcus	4	2	4			2.71	0.82	[4, 2, 2, 3, 3, 3, 3, 2, 3]
15862	genus	Desulfocapsa	1	3	3			3.00	0.00	[3]
15863	genus	Desulfomicrobium	2	2	2			2.00	0.00	[2, 2]
15864	genus	Candidatus Hoaglandella	1	1	1			1.00	0.00	[1]
15865	genus	Candidatus Kuenenia	1	1	1			1.00	0.00	[1]
15866	genus	Salinispira	1	2	2			2.00	0.00	[2]
15867	genus	Methanobrevibacter	6	2	3			2.17	0.37	[3, 2, 2, 2, 2, 2, 2]
15868	genus	Hymenobacter	8	2	4			2.88	0.60	[4, 2, 3, 3, 3, 3, 2, 3]
15869	genus	Polaromonas	2	1	2			1.50	0.50	[1, 2]
15870	genus	Halopenitus	1	2	2			2.00	0.00	[2]
15871	genus	Thermodesulfovibrio	1	1	1			1.00	0.00	[1]
15872	genus	Methanohalobium	1	2	2			2.00	0.00	[2]
15873	genus	Sulfurospirillum	8	2	4			2.75	0.66	[2, 3, 3, 2, 3, 4, 2, 3]
15874	genus	Roseburia	1	4	4			4.00	0.00	[4]
15875	genus	Wolinella	1	3	3			3.00	0.00	[3]
15876	genus	Nitrososphaera	1	1	1			1.00	0.00	[1]
15877	genus	Salinibacter	1	1	1			1.00	0.00	[1, 1, 1, 1, 1, 1, 1, 1]
15878	genus	Spongiibacter	1	2	2			2.00	0.00	[2]
15879	genus	Halomicrobium	1	3	3			3.00	0.00	[3]
15880	genus	Anaplasma	4	1	1			1.00	0.00	[1, 1, 1, 1, 1, 1, 1, 1]
15881	genus	Candidatus Nucleicultrix	1	2	2			2.00	0.00	[2]
15882	genus	Thioclava	1	3	3			3.00	0.00	[3]
15883	genus	Thermanaerovibrio	1	3	3			3.00	0.00	[3]
15884	genus	Salinigranum	1	2	2			2.00	0.00	[2]
15885	genus	Moritella	2	11	16			13.50	2.50	[11, 16]
15886	genus	Cyanospira	2	4	4			4.00	0.00	[4, 4]
15887	genus	Myroides	4	5	9			7.75	1.64	[9, 5, 9, 8]
15888	genus	Desulfococcus	2	1	3			2.00	1.00	[1, 3, 3]
15889	genus	Carboxydothermus	1	4	4			4.00	0.00	[4]
15890	genus	Chthoniobacter	1	1	1			1.00	0.00	[1]
15891	genus	Gardnerella	1	2	2			2.00	0.00	[2, 2, 2, 2, 2]
15892	genus	Ketobacter	1	3	3			3.00	0.00	[3]
15893	genus	Nocardia	7	3	4			3.14	0.35	[3, 3, 3, 3, 3, 3, 4, 4, 3, 3, 3, 3]
15894	genus	Brevibacterium	1	4	4			4.00	0.00	[4, 4]
15895	genus	Mannheimia	3	6	6			6.00	0.00	[6, 6, 6, 6, 6, 6, 6, 6, 6, 6, 6, 6, 6, 6, 6, 6, 6, 6, 6]
15896	genus	Geobacter	10	2	4			2.70	0.90	[4, 2, 2, 2, 4, 2, 2, 3, 4, 2, 2]
15897	genus	Herbaspirillum	5	2	3			2.80	0.40	[3, 3, 2, 3, 3, 3, 3]
15898	genus	Kosmotoga	2	2	2			2.00	0.00	[2, 2]
15899	genus	Methanospirillum	1	4	4			4.00	0.00	[4]
15900	genus	Methylomicrobium	1	3	3			3.00	0.00	[3]
15901	genus	Weissella	5	5	11			7.23	1.50	[8, 6, 6, 6, 8, 5, 5, 8, 9, 11, 9, 9, 9, 9]
15902	genus	Rhodanobacter	1	2	2			2.00	0.00	[2]
15903	genus	Methanothrix	2	1	2			1.50	0.50	[1, 2]
15904	genus	Pusillimonas	1	2	2			2.00	0.00	[2]
15905	genus	Planctopirus	1	2	2			2.00	0.00	[2]
15906	genus	Nakamurella	1	2	2			2.00	0.00	[2]
15907	genus	Methylocella	1	2	2			2.00	0.00	[2]
15908	genus	Desulfatibacillum	1	2	2			2.00	0.00	[2]
15909	genus	Sulfurihydrogenibium	2	2	3			2.50	0.50	[2, 3]
15910	genus	Methanosphaerula	1	3	3			3.00	0.00	[3]
15911	genus	Siansivirga	1	3	3			3.00	0.00	[3]
15912	genus	Halobacteriovorax	1	2	2			2.00	0.00	[2, 2]
15913	genus	Mobiluncus	1	2	2			2.00	0.00	[2]
15914	genus	Confluentimicrobium	1	2	2			2.00	0.00	[2]
15915	genus	Pirellula	2	1	1			1.00	0.00	[1, 1]
15916	genus	Phyllobacterium	1	3	3			3.00	0.00	[3]
15917	genus	Pyrobaculum	1	1	1			1.00	0.00	[1]
15918	genus	Limnochorda	1	2	2			2.00	0.00	[2]
15919	genus	Ferroglobus	1	1	1			1.00	0.00	[1]
15920	genus	Kozakia	1	5	5			5.00	0.00	[5, 5]
15921	genus	Cronobacter	7	7	7			7.00	0.00	[7, 7, 7, 7, 7, 7, 7, 7, 7, 7, 7, 7, 7]
15922	genus	Halomicronema	1	2	2			2.00	0.00	[2]
15923	genus	Kiritimatiella	1	1	1			1.00	0.00	[1]
15924	genus	Rubinisphaera	1	2	2			2.00	0.00	[2]
15925	genus	Pelagibacterium	1	2	2			2.00	0.00	[2]
15926	genus	Roseobacter	2	1	1			1.00	0.00	[1, 1, 1]
15927	genus	Hippea	1	2	2			2.00	0.00	[2]
15928	genus	Sulfuritalea	1	2	2			2.00	0.00	[2]
15929	genus	Dehalobacterium	1	5	5			5.00	0.00	[5]
15930	genus	Mitsuaria	1	2	2			2.00	0.00	[2]
15931	genus	Megamonas	1	5	5			5.00	0.00	[5]
15932	genus	Pseudoclostridium	1	4	4			4.00	0.00	[4]
15933	genus	Archaeoglobus	4	1	1			1.00	0.00	[1, 1, 1, 1, 1]
15934	genus	Mycetocola	1	3	3			3.00	0.00	[3]
15935	genus	Alkalilimnicola	1	2	2			2.00	0.00	[2]
15936	genus	Candidatus Gullanella	1	1	1			1.00	0.00	[1]
15937	genus	Basfia	1	6	6			6.00	0.00	[6]
15938	genus	Aminobacter	2	2	3			2.50	0.50	[2, 2, 3]
15939	genus	Gallionella	1	3	3			3.00	0.00	[3]
15940	genus	Rummeliibacillus	1	12	12			12.00	0.00	[12]
15941	genus	Haliangium	1	2	2			2.00	0.00	[2]
15942	genus	Bacterioplanes	1	4	4			4.00	0.00	[4]
15943	genus	Photorhabdus	4	7	7			7.00	0.00	[7, 7, 7, 7, 7, 7]
15944	genus	Curtobacterium	3	3	4			3.33	0.47	[4, 3, 3]
15945	genus	Geitlerinema	1	3	3			3.00	0.00	[3]
15946	genus	Candidatus Nitrosocosmicus	1	2	2			2.00	0.00	[2]
15947	genus	Actinoalloteichus	5	3	3			3.00	0.00	[3, 3, 3, 3, 3]
15948	genus	Salegentibacter	1	3	3			3.00	0.00	[3]
15949	genus	Photobacterium	3	9	21			13.67	3.40	[15, 15, 21, 15, 9]
15950	genus	Anoxybacillus	5	7	9			8.33	0.76	[8, 9, 7, 9, 8, 9, 9]
15951	genus	Rhodospirillum	2	4	4			4.00	0.00	[4, 4, 4]
15952	genus	Candidatus Nanopelagicus	3	1	1			1.00	0.00	[1, 1, 1]
15953	genus	Verminephrobacter	1	3	3			3.00	0.00	[3]
15954	genus	Bradyrhizobium	16	1	2			1.29	0.44	[1, 1, 1, 1, 1, 1, 1, 1, 2, 2, 2, 2, 1, 1, 1, 2, 2, 2, 2, 1, 1, 1, 1, 1, 1, 1, 1]
15955	genus	Halorubrum	2	2	3			2.50	0.50	[2, 3]
15956	genus	Halothiobacillus	2	2	2			2.00	0.00	[2, 2]
15957	genus	Liberibacter	5	3	3			3.00	0.00	[3, 3, 3, 3, 3, 3, 3, 3, 3, 3]
15958	genus	Riemerella	1	2	3			2.90	0.00	[3, 3, 3, 3, 3, 3, 3, 2, 3, 3]
15959	genus	Tessaracoccus	5	1	2			1.60	0.49	[1, 1, 2, 2, 2]
15960	genus	Micromonospora	3	3	3			3.00	0.00	[3, 3, 3, 3]
15961	genus	Halothermothrix	1	4	4			4.00	0.00	[4]
15962	genus	Marinobacter	9	1	3			2.67	0.67	[3, 3, 3, 3, 3, 1, 3, 3, 1, 3, 3]
15963	genus	Geobacillus	14	8	11			9.38	0.79	[10, 10, 8, 11, 9, 10, 10, 10, 10, 8, 8, 9, 8, 10, 10, 10, 10, 10, 10, 9]
15964	genus	Thiodictyon	1	2	2			2.00	0.00	[2]
15965	genus	Alicyclobacillus	1	6	6			6.00	0.00	[6, 6]
15966	genus	Anaerococcus	2	3	4			3.50	0.50	[3, 4]
15967	genus	Segniliparus	1	1	1			1.00	0.00	[1]
15968	genus	Methylophaga	2	3	3			3.00	0.00	[3, 3]
15969	genus	Frondihabitans	1	2	2			2.00	0.00	[2]
15970	genus	Diaphorobacter	1	3	3			3.00	0.00	[3]
15971	genus	Chelativorans	1	2	2			2.00	0.00	[2]
15972	genus	Sulfuricaulis	1	1	1			1.00	0.00	[1]
15973	genus	Maribacter	4	2	3			2.25	0.43	[2, 3, 2, 2]
15974	genus	Moorella	1	1	2			1.20	0.00	[1, 1, 1, 2, 1]
15975	genus	Vibrio	35	6	15			10.28	1.85	[11, 11, 12, 11, 8, 10, 10, 12, 12, 14, 11, 13, 9, 12, 12, 12, 12, 13, 9, 12, 12, 11, 11, 13, 9, 11, 12, 12, 8, 12, 12, 12, 10, 10, 12, 10, 7, 11, 7, 7, 8, 10, 7, 9, 10, 10, 9, 9, 8, 10, 9, 11, 10, 11, 12, 12, 12, 12, 12, 12, 8, 10, 13, 11, 12, 12, 12, 12, 6, 7, 8, 8, 7, 8, 7, 7, 8, 9, 10, 7, 8, 10, 7, 8, 7, 10, 8, 9, 11, 8, 9, 10, 9, 8, 9, 10, 10, 9, 9, 8, 9, 7, 9, 10, 10, 9, 10, 9, 9, 9, 12, 8, 12, 9, 9, 9, 8, 10, 11, 11, 11, 11, 11, 9, 11, 12, 11, 11, 11, 12, 11, 12, 11, 11, 8, 9, 10, 9, 12, 6, 11, 11, 12, 11, 10, 10, 13, 9, 15, 8, 11, 11, 9, 12, 14, 12, 12, 12, 12, 12, 12, 13, 12, 12]
15976	genus	Octadecabacter	3	1	2			1.67	0.47	[1, 2, 2]
15977	genus	Muricauda	2	2	2			2.00	0.00	[2, 2]
15978	genus	Saccharomonospora	1	3	3			3.00	0.00	[3]
15979	genus	Chlamydia	13	1	3			1.23	0.43	[1, 1, 1, 1, 1, 1, 1, 1, 1, 2, 2, 2, 2, 2, 1, 1, 1, 1, 1, 1, 1, 1, 1, 1, 1, 1, 1, 1, 2, 2, 3, 2, 2, 2, 2, 2, 2, 2, 2, 2, 2, 2, 2, 2, 2, 2, 2, 2, 2, 2, 2, 2, 2, 2, 2, 2, 2, 2, 2, 2, 2, 2, 2, 2, 2, 2, 2, 2, 2, 2, 3, 2, 2, 2, 3, 2, 2, 3, 2, 2, 2, 2, 2, 2, 2, 2, 2, 2, 2, 2, 2, 2, 2, 2, 2, 2, 2, 2, 2, 1, 2, 2, 2, 2, 2, 2, 2, 2, 2, 2, 2, 2, 2, 2, 2, 2, 2, 1, 1, 1, 1, 1, 1, 1, 1, 1, 1, 1, 1, 1, 1, 1, 1, 1, 1, 1, 1, 1, 2, 2, 2, 2, 2, 2, 2, 2, 2, 2, 2, 2, 2, 2, 2, 2, 2, 2, 2, 2, 1]
15980	genus	Haloarcula	5	2	4			2.90	0.66	[3, 3, 4, 2, 3, 3, 2]
15981	genus	Pseudohongiella	1	2	2			2.00	0.00	[2]
15982	genus	Acidisphaera	1	1	1			1.00	0.00	[1]
15983	genus	Meiothermus	2	2	2			2.00	0.00	[2, 2]
15984	genus	Candidatus Nitrosoglobus	1	2	2			2.00	0.00	[2]
15985	genus	Ruegeria	4	3	6			4.25	1.30	[3, 5, 3, 6]
15986	genus	Azorhizobium	1	3	3			3.00	0.00	[3]
15987	genus	Alcanivorax	5	2	3			2.40	0.49	[2, 2, 2, 3, 3]
15988	genus	Candidatus Xiphinematobacter	1	1	1			1.00	0.00	[1]
15989	genus	Cyanothece	6	2	3			2.33	0.47	[2, 2, 3, 3, 2, 2]
15990	genus	Acidothermus	1	1	1			1.00	0.00	[1]
15991	genus	Sulfitobacter	6	1	3			1.67	0.75	[3, 1, 2, 1, 2, 1]
15992	genus	Obesumbacterium	1	8	8			8.00	0.00	[8]
15993	genus	Celeribacter	4	2	3			2.25	0.43	[2, 2, 3, 2]
15994	genus	Anabaenopsis	4	4	4			4.00	0.00	[4, 4, 4, 4]
15995	genus	Pontimonas	1	1	1			1.00	0.00	[1]
15996	genus	Yoonia	1	2	2			2.00	0.00	[2]
15997	genus	Dehalogenimonas	2	1	1			1.00	0.00	[1, 1]
15998	genus	Shimwellia	1	8	8			8.00	0.00	[8]
15999	genus	Maritimibacter	1	1	1			1.00	0.00	[1]
16000	genus	Vitreoscilla	2	2	7			4.50	2.50	[7, 2]
16001	genus	Psychrobacter	11	3	6			4.41	0.76	[4, 4, 4, 4, 3, 5, 6, 4, 5, 5, 4, 5]
16002	genus	Janthinobacterium	6	1	10			6.17	3.39	[8, 10, 1, 2, 8, 8]
16003	genus	Collinsella	1	5	5			5.00	0.00	[5]
16004	genus	Thermincola	1	3	3			3.00	0.00	[3]
16005	genus	Polaribacter	5	2	6			4.00	1.67	[3, 3, 6, 6, 2]
16006	genus	Geminocystis	2	3	3			3.00	0.00	[3, 3]
16007	genus	Micrococcus	1	2	2			2.00	0.00	[2, 2, 2]
16008	genus	Chania	1	7	7			7.00	0.00	[7]
16009	genus	Phycisphaera	1	1	1			1.00	0.00	[1]
16010	genus	Cuniculiplasma	1	1	1			1.00	0.00	[1, 1]
16011	genus	Cupriavidus	9	4	7			5.78	1.23	[7, 7, 5, 4, 4, 7, 4, 7, 5, 5, 6]
16012	genus	Lysobacter	6	2	3			2.08	0.19	[2, 2, 2, 2, 2, 2, 3, 2]
16013	genus	Leuconostoc	9	3	4			3.94	0.16	[4, 4, 3, 4, 4, 4, 4, 4, 4, 4, 4, 4, 4, 4, 4, 4, 4, 3, 4, 4, 4, 4, 4]
16014	genus	Candidatus Nitrosotenuis	2	1	1			1.00	0.00	[1, 1]
16015	genus	Borrelia	9	1	1			1.00	0.00	[1, 1, 1, 1, 1, 1, 1, 1, 1, 1, 1, 1, 1, 1, 1, 1, 1, 1, 1, 1, 1, 1, 1, 1, 1, 1, 1, 1]
16016	genus	Dechloromonas	2	3	4			3.50	0.50	[3, 4]
16017	genus	Vagococcus	2	5	6			5.50	0.50	[6, 5]
16018	genus	Francisella	15	1	3			2.94	0.15	[3, 3, 3, 3, 3, 3, 3, 3, 1, 3, 3, 3, 3, 3, 2, 3, 3, 3, 3, 3, 3, 3, 3, 3, 3, 3, 3, 3, 3, 3, 3, 3, 3, 3, 3, 3, 3, 3, 2, 3, 3, 3, 3, 3, 3, 3, 3, 3, 3, 3, 3, 3, 3, 3, 3, 3, 3, 3, 3, 3, 3, 3, 3, 2, 3, 3, 3]
16019	genus	Vulcanisaeta	2	1	1			1.00	0.00	[1, 1]
16020	genus	Mucinivorans	1	2	2			2.00	0.00	[2]
16021	genus	Arcticibacterium	1	2	2			2.00	0.00	[2]
16022	genus	Burkholderia	50	2	7			5.32	0.92	[6, 6, 4, 4, 4, 4, 4, 4, 4, 4, 4, 4, 4, 4, 4, 4, 4, 4, 4, 4, 6, 4, 6, 6, 6, 2, 6, 6, 5, 6, 5, 6, 6, 6, 6, 6, 6, 6, 6, 6, 6, 5, 6, 6, 6, 4, 4, 6, 6, 4, 5, 4, 4, 4, 4, 3, 3, 4, 4, 4, 4, 4, 4, 4, 4, 4, 4, 4, 4, 4, 4, 4, 4, 4, 4, 4, 4, 5, 4, 6, 5, 6, 7, 6, 6, 6, 6, 6, 6, 5, 6, 6, 6, 6, 5, 6, 4, 6, 6, 6, 6, 6, 6, 6, 6, 6, 6, 6, 6, 6, 6, 6, 6, 6, 6, 6, 4, 6, 6, 6, 6, 5, 5, 5, 6, 4, 4, 4, 4, 4, 4, 4, 4, 4, 4, 4, 4, 4, 4, 4, 4, 4, 4, 4, 4, 4, 4, 4, 4, 4, 4, 4, 4, 4, 4, 4, 4, 4, 4, 4, 4, 4, 4, 4, 4, 4, 4, 4, 4, 4, 4, 4, 4, 4, 4, 4, 4, 4, 4, 4, 4, 4, 4, 4, 4, 4, 4, 4, 4, 4, 4, 4, 4, 4, 4, 4, 4, 4, 4, 4, 4, 4, 4, 7, 6, 4, 5, 5, 5, 5, 5, 5, 5, 4, 4, 4, 4, 4, 5, 5, 5, 5, 4, 4, 6]
16023	genus	Hafnia	2	7	8			7.88	0.12	[8, 8, 8, 7, 8]
16024	genus	Rhizorhabdus	1	2	2			2.00	0.00	[2]
16025	genus	Ornithinimicrobium	1	2	2			2.00	0.00	[2]
16026	genus	Rahnella	2	7	7			7.00	0.00	[7, 7]
16027	genus	Altererythrobacter	7	1	2			1.14	0.35	[1, 1, 1, 1, 1, 2, 1]
16028	genus	Rothia	3	3	3			3.00	0.00	[3, 3, 3, 3, 3]
16029	genus	Ectothiorhodospira	1	2	2			2.00	0.00	[2]
16030	genus	Lentibacillus	1	6	6			6.00	0.00	[6]
16031	genus	Syntrophothermus	1	2	2			2.00	0.00	[2]
16032	genus	Capnocytophaga	14	3	4			3.57	0.49	[3, 4, 4, 4, 3, 3, 3, 4, 4, 4, 4, 4, 3, 4, 4, 3, 3, 3, 3, 4]
16033	genus	Pararhodospirillum	1	1	1			1.00	0.00	[1]
16034	genus	Desulfitobacterium	4	5	8			6.38	0.96	[8, 6, 5, 6, 6]
16035	genus	Lysinibacillus	6	2	14			10.23	3.91	[10, 14, 12, 12, 12, 9, 12, 2, 11, 13]
16036	genus	Fibrella	1	3	3			3.00	0.00	[3]
16037	genus	Bifidobacterium	18	2	6			3.64	1.02	[4, 5, 4, 4, 3, 3, 3, 2, 3, 2, 3, 3, 3, 3, 2, 2, 2, 2, 2, 2, 3, 2, 3, 3, 3, 2, 2, 3, 3, 3, 3, 3, 3, 3, 2, 2, 2, 3, 3, 3, 3, 3, 2, 2, 2, 2, 2, 2, 2, 3, 2, 5, 5, 3, 4, 4, 4, 3, 3, 4, 4, 3, 4, 3, 5, 4, 4, 3, 3, 3, 2, 4, 3, 4, 2, 4, 4, 3, 2, 4, 4, 4, 4, 4, 4, 4, 4, 4, 4, 4, 2, 5, 5, 4, 4, 4, 4, 4, 6, 4, 3, 4, 4, 4, 2, 2, 5, 4, 4, 2, 4]
16038	genus	Ilyobacter	1	8	8			8.00	0.00	[8]
16039	genus	Streptomyces	96	5	7			6.18	0.49	[6, 6, 6, 6, 6, 6, 6, 6, 6, 7, 7, 7, 7, 6, 6, 6, 6, 6, 7, 7, 6, 6, 6, 6, 6, 6, 6, 7, 6, 7, 6, 7, 6, 5, 6, 6, 6, 6, 6, 6, 6, 6, 6, 7, 7, 5, 6, 6, 6, 7, 7, 6, 7, 7, 7, 6, 6, 7, 6, 6, 6, 6, 6, 5, 6, 6, 7, 6, 6, 6, 6, 6, 6, 6, 6, 6, 6, 6, 6, 6, 6, 7, 7, 7, 6, 6, 7, 6, 6, 7, 6, 6, 6, 6, 7, 6, 6, 6, 6, 6, 5, 7, 6, 7, 6, 6, 6, 6, 5, 7, 6, 6, 6, 6, 6, 7, 7, 6]
16040	genus	Candidatus Riesia	2	2	2			2.00	0.00	[2, 2]
16041	genus	Paenalcaligenes	1	3	3			3.00	0.00	[3]
16042	genus	Thermoplasma	2	1	1			1.00	0.00	[1, 1, 1]
16043	genus	Candidatus Blochmannia	6	1	1			1.00	0.00	[1, 1, 1, 1, 1, 1]
16044	genus	Citromicrobium	1	1	1			1.00	0.00	[1]
16045	genus	Sebaldella	1	4	4			4.00	0.00	[4]
16046	genus	Solimonas	1	2	2			2.00	0.00	[2]
16047	genus	Nocardioides	3	2	3			2.67	0.47	[3, 3, 2]
16048	genus	Candidatus Mikella	1	1	1			1.00	0.00	[1]
16049	genus	Anaeromyxobacter	3	2	2			2.00	0.00	[2, 2, 2, 2]
16050	genus	Acholeplasma	6	2	4			2.33	0.75	[4, 2, 2, 2, 2, 2, 2]
16051	genus	Pediococcus	5	4	5			4.40	0.49	[4, 5, 5, 5, 5, 5, 5, 5, 5, 5, 5, 5, 5, 4, 4, 4, 4, 4, 4, 4, 4]
16052	genus	Borreliella	7	1	1			1.00	0.00	[1, 1, 1, 1, 1, 1, 1, 1, 1, 1, 1, 1, 1, 1, 1, 1, 1, 1, 1, 1, 1, 1, 1]
16053	genus	Robiginitalea	1	2	2			2.00	0.00	[2]
16054	genus	Gallaecimonas	1	6	6			6.00	0.00	[6]
16055	genus	Roseomonas	2	5	5			5.00	0.00	[5, 5]
16056	genus	Desulfovibrio	10	2	7			3.72	1.42	[3, 5, 3, 3, 2, 3, 4, 3, 2, 7, 5, 4, 5, 5]
16057	genus	Basilea	1	3	3			3.00	0.00	[3]
16058	genus	Fastidiosipila	1	2	2			2.00	0.00	[2]
16059	genus	Syntrophobacter	1	2	2			2.00	0.00	[2]
16060	genus	Microcoleus	1	4	4			4.00	0.00	[4]
16061	genus	Candidatus Profftella	1	1	1			1.00	0.00	[1, 1]
16062	genus	Alcaligenes	1	3	3			3.00	0.00	[3, 3, 3, 3]
16063	genus	Nonlabens	4	2	3			2.75	0.43	[2, 3, 3, 3]
16064	genus	Bernardetia	1	3	3			3.00	0.00	[3]
16065	genus	Plantactinospora	3	1	3			1.67	0.94	[1, 1, 3]
16066	genus	Candidatus Walczuchella	1	1	1			1.00	0.00	[1]
16067	genus	Janibacter	1	2	2			2.00	0.00	[2]
16068	genus	Spiribacter	2	1	1			1.00	0.00	[1, 1]
16069	genus	Saccharothrix	1	4	4			4.00	0.00	[4]
16070	genus	Dyadobacter	1	4	4			4.00	0.00	[4]
16071	genus	Spiroplasma	25	1	2			1.14	0.33	[1, 1, 1, 1, 1, 1, 1, 1, 1, 1, 1, 1, 2, 1, 2, 2, 1, 1, 2, 1, 1, 2, 1, 1, 1, 1, 1, 1, 1, 1, 1]
16072	genus	Corynebacterium	55	3	7			4.28	0.89	[3, 4, 5, 6, 6, 6, 6, 6, 6, 6, 6, 6, 6, 6, 6, 5, 6, 6, 6, 6, 6, 6, 6, 6, 6, 6, 6, 4, 4, 4, 4, 4, 3, 4, 4, 4, 4, 4, 4, 4, 4, 4, 4, 4, 4, 4, 4, 4, 4, 4, 4, 4, 4, 4, 4, 4, 4, 4, 4, 4, 4, 4, 4, 4, 4, 4, 4, 4, 3, 4, 4, 4, 4, 4, 4, 4, 4, 4, 4, 4, 4, 4, 4, 4, 4, 4, 4, 4, 4, 4, 4, 4, 4, 4, 4, 4, 4, 4, 4, 4, 4, 4, 4, 4, 4, 4, 4, 4, 5, 4, 4, 4, 4, 4, 4, 4, 4, 4, 4, 4, 4, 4, 5, 6, 4, 4, 3, 6, 4, 4, 5, 3, 5, 5, 5, 6, 5, 5, 5, 5, 5, 5, 5, 5, 5, 5, 5, 5, 5, 5, 5, 5, 5, 5, 3, 3, 4, 4, 4, 4, 4, 4, 4, 4, 4, 4, 7, 4, 4, 5, 4, 6, 4, 5, 4, 4, 6, 6, 4, 4, 3, 5, 3, 4, 3, 3, 3, 4, 5, 4, 4, 4, 4]
16073	genus	Methylotenera	2	2	3			2.50	0.50	[2, 3]
16074	genus	Microcystis	2	2	2			2.00	0.00	[2, 2, 2, 2, 2]
16075	genus	Dermabacter	1	3	3			3.00	0.00	[3]
16076	genus	Thiohalobacter	1	1	1			1.00	0.00	[1]
16077	genus	Rubrivivax	1	3	3			3.00	0.00	[3]
16078	genus	Porphyromonas	3	2	4			3.33	0.94	[2, 4, 4, 4, 4, 4, 4, 4, 4, 4, 4, 4, 4, 4, 4, 4, 4, 4, 4, 4, 4, 4]
16079	genus	Teredinibacter	1	3	3			3.00	0.00	[3]
16080	genus	Gilliamella	1	4	4			4.00	0.00	[4]
16081	genus	Oxalobacter	1	1	2			1.50	0.00	[1, 2]
16082	genus	Methylomonas	4	3	3			3.00	0.00	[3, 3, 3, 3]
16083	genus	Zobellella	1	8	8			8.00	0.00	[8]
16084	genus	Marinithermus	1	3	3			3.00	0.00	[3]
16085	genus	Pedobacter	5	3	7			5.00	1.41	[5, 6, 4, 3, 7]
16086	genus	Roseateles	1	4	4			4.00	0.00	[4]
16087	genus	Cystobacter	1	4	4			4.00	0.00	[4]
16088	genus	Dyella	3	2	2			2.00	0.00	[2, 2, 2]
16089	genus	Geosporobacter	1	11	11			11.00	0.00	[11]
16090	genus	Coxiella	2	1	1			1.00	0.00	[1, 1, 1, 1, 1, 1, 1, 1, 1, 1, 1]
16091	genus	Thalassococcus	1	1	1			1.00	0.00	[1]
16092	genus	Ndongobacter	1	3	3			3.00	0.00	[3]
16093	genus	Salipiger	1	4	4			4.00	0.00	[4]
16094	genus	Nitratireductor	2	1	2			1.50	0.50	[1, 2]
16095	genus	Candidatus Moranella	1	1	1			1.00	0.00	[1, 1]
16096	genus	Kushneria	2	4	4			4.00	0.00	[4, 4]
16097	genus	Jeotgalibacillus	1	9	9			9.00	0.00	[9]
16098	genus	Candidatus Nitrosotalea	1	1	1			1.00	0.00	[1]
16099	genus	Natronomonas	2	1	1			1.00	0.00	[1, 1]
16100	genus	Cryobacterium	2	3	3			3.00	0.00	[3, 3]
16101	genus	Filifactor	1	4	4			4.00	0.00	[4]
16102	genus	Asticcacaulis	1	3	3			3.00	0.00	[3]
16103	genus	Aeromonas	17	7	11			9.95	0.38	[9, 10, 10, 10, 10, 7, 9, 10, 10, 10, 10, 10, 10, 10, 10, 11, 10, 10, 10, 10, 9, 10, 10, 10, 10, 10, 11, 10, 10, 10, 10, 10, 10, 10, 10, 10, 9, 10, 10, 10, 10, 10, 10, 10, 10, 10, 10, 10, 10, 10]
16104	genus	Sulfurisphaera	1	1	1			1.00	0.00	[1]
16105	genus	Leptothrix	1	2	2			2.00	0.00	[2]
16106	genus	Clostridium	30	1	16			9.11	2.49	[12, 12, 12, 12, 12, 9, 9, 9, 9, 8, 8, 9, 9, 9, 11, 11, 9, 9, 9, 9, 10, 9, 8, 10, 8, 11, 11, 10, 9, 9, 9, 8, 9, 9, 9, 9, 8, 9, 9, 9, 9, 9, 9, 1, 9, 9, 9, 9, 10, 11, 11, 7, 7, 7, 11, 11, 11, 10, 4, 11, 9, 8, 12, 6, 4, 11, 11, 6, 10, 10, 8, 10, 10, 10, 10, 10, 10, 10, 10, 10, 10, 10, 3, 11, 7, 9, 10, 10, 10, 10, 7, 9, 9, 9, 6, 16, 10, 8, 10, 10, 9, 14, 16, 14, 16, 14, 14, 15, 8, 10, 9, 9, 9]
16107	genus	Sorangium	1	4	4			4.00	0.00	[4, 4, 4]
16108	genus	Paraglaciecola	1	6	6			6.00	0.00	[6]
16109	genus	Halanaeroarchaeum	1	1	1			1.00	0.00	[1, 1]
16110	genus	Caldicellulosiruptor	8	3	3			3.00	0.00	[3, 3, 3, 3, 3, 3, 3, 3]
16111	genus	Hydromonas	1	4	4			4.00	0.00	[4]
16112	genus	Paeniclostridium	1	17	17			17.00	0.00	[17]
16113	genus	Methanocorpusculum	1	3	3			3.00	0.00	[3]
16114	genus	Glaciecola	2	4	5			4.50	0.50	[4, 5]
16115	genus	Leminorella	1	7	7			7.00	0.00	[7]
16116	genus	Sulfurimonas	2	4	4			4.00	0.00	[4, 4]
16117	genus	Cyanobacterium	1	3	3			3.00	0.00	[3]
16118	genus	Imtechella	1	3	3			3.00	0.00	[3]
16119	genus	Allobacillus	1	7	7			7.00	0.00	[7]
16120	genus	Frondibacter	1	3	3			3.00	0.00	[3]
16121	genus	Dolosigranulum	1	4	4			4.00	0.00	[4]
